,ticker,name,sector,last_,buy,sell,tradecount,info,marketcap,profit_today,profit_1wk,profit_1month,profit_ytd,profit_1yr
0,2020,2020 Bulkers,Industrials,55.0,54.8,55.0,98,,1219.40,-0.0072,0.0036,0.0223,-0.3671,-0.322
1,FIVEPG,5th Planet Games,Communication services,1.43,1.41,1.43,133,LP,152.04,0.0288,-0.0892,-0.1751,3.8956,1.0764
2,AASB-ME,Aasen Sparebank,Equity certificates,112.0,111.0,117.0,0,LP,113.56,,,,-0.0681,0.0018
3,ASC,ABG Sundal Collier Holding,Financials,4.45,4.45,4.49,179,,1960.35,0.0023,0.059500000000000004,0.0934,0.1827,0.3428
4,ADE,Adevinta,Communication services,100.0,100.0,100.2,838,,68485.95,0.0199,0.0277,0.029300000000000003,-0.0385,0.0417
5,ADSC-ME,ADS Crude Carriers,Energy,18.7,18.6,18.7,32,,437.40,0.0,0.0,-0.065,-0.23149999999999998,0.08439999999999999
6,AEGA,Aega,Utilities,1.19,1.18,1.24,15,,57.18,-0.0083,0.0171,0.0085,0.0259,-0.044800000000000006
7,AFG,AF Gruppen,Industrials,180.4,180.4,180.6,175,,18943.62,0.0022,0.013500000000000002,0.0464,0.06309999999999999,0.1433
8,AKA,Akastor,Energy,5.2,5.15,5.2,100,,1412.37,0.0256,0.07,-0.037000000000000005,-0.4769,-0.5517
9,AKER,Aker,Financials,374.0,373.8,374.0,1595,,27776.41,0.0441,0.0219,0.1045,-0.3119,-0.295
10,AKBM-ME,Aker BioMarine,Consumer staples,110.0,108.64,110.0,399,,9634.47,0.0329,0.0506,,,
11,AKERBP,Aker BP,Energy,186.6,186.55,186.6,4605,,67103.88,0.0378,0.0155,0.055099999999999996,-0.3306,-0.2593
12,AKSO,Aker Solutions,Energy,9.21,9.2,9.21,3734,,2503.23,0.0642,0.046,0.0716,-0.6275999999999999,-0.7193
13,AKVA,AKVA Group,Industrials,62.6,62.4,63.4,23,LP,2072.46,-0.0095,0.046799999999999994,-0.0095,-0.1422,-0.1822
14,AMSC,American Shipping Company,Industrials,27.45,27.45,27.85,121,,1663.92,0.0092,0.0055000000000000005,0.1558,-0.1159,-0.1277
15,ANDF-ME,Andfjord Salmon,Consumer staples,52.5,52.5,53.59,360,,1769.28,0.04769999999999999,0.11699999999999999,,,
16,ABT,Aqua Bio Technology,Materials,5.05,5.0,5.1,68,LP,77.54,0.01,0.0223,-0.1984,1.1581000000000001,1.0868
17,AQUA,AqualisBraemar,Energy,4.22,4.1,4.22,12,,296.74,0.06570000000000001,0.024300000000000002,0.1344,0.1419,0.1189
18,ARCHER,Archer,Energy,2.18,2.15,2.18,47,,321.76,0.0023,0.0046,-0.054299999999999994,-0.316,-0.5313
19,AZT,ArcticZymes Technologies,Health care,40.0,40.0,40.4,1515,,1933.39,-0.0888,0.0753,0.31579999999999997,7.4211,9.0756
20,ARCUS,Arcus,Consumer staples,39.3,39.2,39.4,48,,2664.57,0.0129,-0.0101,0.0129,0.12210000000000001,0.10099999999999999
21,AFK,Arendals Fossekompani,Industrials,2740.0,2740.0,2800.0,11,,5999.01,0.0074,0.022400000000000003,0.0458,0.06480000000000001,0.0183
22,ASETEK,Asetek,Information technology,62.9,62.5,62.9,262,,1592.38,0.022799999999999997,0.09970000000000001,0.2555,1.0290000000000001,0.7497
23,ATEA,Atea,Information technology,104.6,104.2,104.6,211,,11503.20,0.0215,0.0964,0.0316,-0.1866,-0.0762
24,ATLA NOK,Atlantic Petroleum,Energy,6.3,6.28,6.4,4,,23.30,-0.015600000000000001,-0.11019999999999999,-0.1,-0.1975,
25,ASA,Atlantic Sapphire,Consumer staples,125.5,125.5,126.5,390,,8945.15,0.0121,-0.015700000000000002,-0.0873,-0.0271,0.3073
26,AURG,Aurskog Sparebank,Equity certificates,192.0,188.0,192.0,0,LP,617.12,,,0.0213,0.0738,0.1436
27,AUSS,Austevoll Seafood,Consumer staples,80.0,79.8,80.0,970,,16145.93,0.0063,0.0127,0.0165,-0.0827,-0.1656
28,AVANCE,Avance Gas Holding,Energy,17.98,17.85,17.98,449,,1144.54,0.0039000000000000003,0.0017000000000000001,-0.0626,-0.5982,-0.2722
29,AWDR,Awilco Drilling,Energy,3.38,3.38,3.4,49,,184.49,-0.0029,-0.084,-0.1875,-0.7818999999999999,-0.8704999999999999
30,ALNG,Awilco LNG,Energy,1.26,1.26,1.27,8,,167.01,0.0,0.012,-0.09029999999999999,-0.6063000000000001,-0.6272
31,AXA,Axactor,Financials,6.8,6.76,6.8,685,,1260.69,0.041299999999999996,0.11109999999999999,-0.0202,-0.6420999999999999,-0.6566
32,AGS,Axxis Geo Solutions,Energy,0.73,0.71,0.73,28,,43.17,0.0027,-0.059000000000000004,-0.2586,-0.4128,-0.9678
33,AYFIE-ME,ayfie Group,Information technology,3.0,2.97,3.0,321,,318.63,-0.0506,,,,
34,B2H,B2Holding,Financials,4.4,4.36,4.4,547,,1803.70,0.0564,0.1564,-0.024399999999999998,-0.5395,-0.5682
35,BAKKA,Bakkafrost,Consumer staples,563.0,562.5,563.0,1728,,33280.34,0.0018,-0.053,-0.08310000000000001,-0.1338,0.0986
36,BALT-ME,Baltic Sea Properties,Real estate,30.2,25.0,30.4,0,,201.37,,,,0.0414,-0.1118
37,BEL,Belships,Industrials,6.7,6.65,6.8,6,LP,1525.10,0.0075,-0.0074,0.0635,-0.0759,-0.022099999999999998
38,BGBIO,BerGenBio,Health care,37.8,37.8,38.0,812,,3278.24,-0.0394,-0.0053,-0.0013,0.5605,1.9686000000000001
39,BSP-ME,Black Sea Property,Consumer discretionary,2.04,2.1,2.68,4,,33.95,,,-0.2444,-0.6513,
40,BON,Bonheur,Industrials,234.0,233.5,234.0,265,,9952.46,0.0241,-0.0021,0.0308,0.1997,0.2434
41,BOR,Borgestad,Materials,15.15,14.9,15.5,51,LP,192.66,-0.041100000000000005,-0.016200000000000003,0.4028,-0.2425,0.0642
42,BDRILL,Borr Drilling,Energy,9.1,9.1,9.15,1373,,1428.45,0.099,-0.1165,-0.3106,-0.8798999999999999,-0.8909999999999999
43,BRG,Borregaard,Materials,97.7,97.6,97.8,326,,9730.25,-0.0031,0.014499999999999999,-0.0161,0.052199999999999996,0.0305
44,BOUVET,Bouvet,Information technology,540.0,538.0,542.0,129,,5534.75,0.011200000000000002,0.08,0.0909,0.4142,0.805
45,BRA-ME,BRAbank,Financials,0.38,0.38,0.39,10,,235.35,-0.0259,0.09939999999999999,-0.0053,-0.1861,-0.7839
46,BWE,BW Energy Limited,Energy,18.26,18.06,18.35,281,,4278.40,0.0616,0.0641,-0.0706,,
47,BWLPG,BW LPG,Energy,31.08,31.08,31.1,1159,,4292.04,0.0026,0.0144,0.04650000000000001,-0.5201,-0.1246
48,BWO,BW Offshore Limited,Energy,32.24,32.16,32.24,807,,5828.99,0.032,-0.043899999999999995,-0.1084,-0.4537,-0.31129999999999997
49,BMA,Byggma,Industrials,100.0,100.0,102.0,20,,698.19,-0.0196,-0.009899999999999999,0.087,0.087,0.0753
50,CARA,Carasent,Health care,21.2,20.7,21.2,119,,861.44,0.0242,0.004699999999999999,0.0984,1.1721,1.6173
51,CLOUD-ME,Cloudberry Clean Energy,Utilities,11.65,11.64,11.65,811,,446.27,-0.29,-0.3068,-0.0149,,
52,COV,ContextVision,Health care,270.0,270.0,272.0,338,LP,2088.92,-0.0074,-0.011000000000000001,0.3846,1.5962,2.6486
53,CRAYON,Crayon Group Holding,Information technology,69.0,69.0,69.5,607,,5604.91,0.047,0.0849,0.1558,0.32689999999999997,1.1562999999999999
54,DNB,DNB,Financials,142.45,142.45,142.5,12205,,222299.41,0.0992,0.0646,0.0575,-0.13140000000000002,-0.1215
55,DNO,DNO,Energy,5.81,5.8,5.81,2107,,5667.26,0.0368,-0.0242,-0.10339999999999999,-0.4978,-0.6142
56,DOF,DOF,Energy,0.59,0.58,0.59,49,,181.58,0.0085,-0.0216,-0.1437,-0.6242,-0.8290000000000001
57,EAM,EAM Solar,Utilities,13.3,13.0,13.25,25,,91.13,0.035,-0.0466,0.0231,0.1368,-0.5476
58,EIOF,Eidesvik Offshore,Energy,3.38,3.26,3.5,12,,210.07,0.0629,0.0242,0.012,-0.355,-0.4152
59,EMGS,Electromagnetic Geoservices,Energy,0.72,0.69,0.72,30,,94.69,0.0183,-0.0424,-0.1632,-0.6541,-0.7418
60,ELE,Element,Materials,5.1,5.1,5.3,90,,96.38,-0.0116,-0.0676,-0.16390000000000002,-0.07780000000000001,0.9392
61,ELK,Elkem,Materials,20.2,20.12,20.2,589,,11742.47,0.0218,0.005,0.0223,-0.1565,-0.0919
62,EMAS,EMAS Offshore,Energy,0.29,,,0,,127.15,,,,,
63,ENDUR,Endúr,Energy,1.58,1.56,1.58,208,LP,440.62,-0.0063,-0.0735,1.0667,0.3801,0.4819
64,ENTRA,Entra,Real estate,125.7,125.5,125.7,1378,,22880.74,0.008,-0.0048,-0.0008,-0.1167,-0.021099999999999997
65,EPIC-ME,Epic Gas,Energy,13.6,13.6,14.4,0,LP,1449.98,,,,-0.06849999999999999,-0.0933
66,EQNR,Equinor,Energy,138.85,138.6,138.85,4315,,458580.44,0.006500000000000001,-0.0014000000000000002,-0.0361,-0.1802,-0.1386
67,EPR,Europris,Consumer discretionary,44.34,44.32,44.58,3380,,7352.40,-0.0361,-0.0646,0.0674,0.3533,0.7957
68,EXTX-ME,EXACT Therapeutics,Health care,,,,0,,-,,,,,
69,FJORD,Fjord1,Industrials,44.6,44.6,44.9,53,,4455.23,-0.0155,-0.0155,0.0276,0.2186,0.1291
70,FKRAFT,Fjordkraft Holding,Utilities,71.4,71.4,71.7,727,,7467.46,-0.005600000000000001,-0.048,-0.0823,0.2816,0.6229
71,FLNG,FLEX LNG,Energy,48.54,48.24,48.54,187,,2626.53,0.011200000000000002,0.0176,0.084,-0.4556,-0.5367000000000001
72,FRO,Frontline,Energy,70.05,69.75,70.05,1413,,13848.35,-0.0127,0.0241,-0.0855,-0.2817,0.15960000000000002
73,FUNCOM,Funcom,Communication services,16.3,16.3,16.44,68,,1325.94,-0.0073,-0.0121,0.011200000000000002,0.2395,0.1335
74,GIG,Gaming Innovation Group,Consumer discretionary,5.51,5.51,5.6,27,,491.98,0.0018,0.026099999999999998,-0.0817,-0.3272,-0.5209
75,RISH,GC Rieber Shipping,Industrials,6.45,6.1,6.45,6,,554.91,-0.0077,0.032,0.1217,-0.2134,-0.2412
76,GENT-ME,Gentian Diagnostics,Health care,62.5,62.5,64.0,31,,962.67,0.0417,0.17920000000000003,0.2755,0.0016,0.2601
77,GJF,Gjensidige Forsikring,Financials,191.6,191.5,191.6,3435,,95797.93,0.0334,0.0407,0.0493,0.039900000000000005,0.0722
78,GEOS-ME,Golden Energy Offshore Services,Energy,1.27,1.5,1.9,0,,58.01,,,,,
79,GOGL,Golden Ocean Group,Industrials,35.94,35.94,35.98,1012,,5149.40,0.0073,-0.08779999999999999,-0.015300000000000001,-0.2858,-0.32
80,GOD,Goodtech,Industrials,6.7,6.5,6.7,11,LP,151.52,-0.0074,-0.028999999999999998,0.0308,-0.0219,0.07200000000000001
81,GSF,Grieg Seafood,Consumer staples,91.2,91.15,91.2,1751,,10071.54,0.0105,-0.0661,-0.0934,-0.35,-0.30670000000000003
82,GRONG-ME,Grong Sparebank,Equity certificates,113.0,111.0,114.0,0,LP,335.89,,,0.0273,0.11470000000000001,0.1576
83,GYL,Gyldendal,Consumer discretionary,494.0,482.0,570.0,9,,1139.72,0.0292,-0.0408,-0.0354,0.11470000000000001,
84,HAFNIA,Hafnia Limited,Energy,16.22,16.1,16.3,119,,5887.79,0.0137,-0.0049,0.01,-0.3479,
85,HAVI,Havila Shipping,Energy,2.4,2.4,2.45,7,,57.06,0.0,0.0213,-0.0588,-0.19190000000000002,-0.397
86,HYARD,Havyard Group,Industrials,2.2,2.14,2.2,8,,54.40,-0.0558,0.0046,-0.0435,-0.30820000000000003,-0.7120000000000001
87,HELG,Helgeland Sparebank,Equity certificates,75.5,75.0,75.5,11,LP,1572.14,0.0203,0.0067,0.048600000000000004,-0.0649,-0.0302
88,HEX,Hexagon Composites,Industrials,48.78,48.58,48.78,779,,8849.18,0.0432,0.06269999999999999,0.2238,0.342,0.3957
89,HIDDN,Hiddn Solutions,Information technology,1.57,1.54,1.57,33,,141.16,-0.015700000000000002,-0.030899999999999997,-0.0599,0.1764,-0.4982
90,HBC,Hofseth BioCare,Health care,9.08,8.9,9.08,19,,2987.94,-0.0044,-0.0152,-0.0542,0.0089,1.242
91,HUNT,Hunter Group,Energy,3.27,3.27,3.28,319,,1881.43,0.0062,-0.0268,-0.0603,-0.4033,-0.115
92,HLNG,Höegh LNG Holdings,Energy,11.7,11.5,11.7,142,,891.31,0.059800000000000006,0.0579,-0.1346,-0.6456999999999999,-0.6527
93,HSPG,Høland og Setskog Sparebank,Equity certificates,128.0,121.0,128.0,3,,88.05,,0.0079,0.024,0.1593,0.2444
94,IFISH-ME,Ice Fish Farm,Consumer staples,34.02,34.02,34.1,17,,1836.81,-0.0126,-0.0412,0.0004,,
95,ICE,Ice Group,Communication services,14.45,14.25,14.5,15,LP,2917.37,-0.0034000000000000002,-0.0462,-0.0236,-0.26280000000000003,-0.41969999999999996
96,IDEX,IDEX Biometrics,Information technology,1.23,1.23,1.26,173,,972.50,-0.0344,-0.0404,-0.2521,-0.0359,-0.22579999999999997
97,INDUCT-ME,Induct,Information technology,5.0,4.9,5.2,0,,62.38,,,-0.0909,0.087,-0.056600000000000004
98,INFRNT,Infront,Financials,20.0,19.6,20.0,9,LP,868.51,,0.0,0.0417,-0.2126,-0.0291
99,INSR,Insr Insurance Group,Financials,2.49,2.46,2.5,37,,368.94,0.0418,-0.0604,-0.33240000000000003,-0.6433,-0.6775
100,IOX,Interoil Exploration and Production,Energy,1.75,1.66,1.76,21,,274.95,0.0,0.005699999999999999,0.0294,-0.3881,-0.4673
101,ITE,Itera,Information technology,11.4,11.3,11.4,28,,922.46,0.0,0.0317,0.0088,0.0097,0.5384
102,JPK-ME,J.P. Kenny Petroleum,Energy,6.1,,6.1,0,,64.95,,,,,
103,JIN,Jinhui Shipping and Transportation,Industrials,3.72,3.67,3.75,25,,406.44,0.0109,-0.008,0.0333,-0.2955,-0.5291
104,JAEREN,Jæren Sparebank,Equity certificates,156.0,156.0,162.0,1,LP,769.46,-0.0127,-0.025,0.0541,0.0748,0.2181
105,KAHOOT-ME,Kahoot!,Communication services,36.0,36.0,36.2,400,,14381.65,0.0286,-0.0955,-0.0217,0.6364,
106,KID,Kid,Consumer discretionary,74.6,74.0,74.6,264,,3032.13,-0.026099999999999998,-0.0581,0.07490000000000001,0.5261,0.7201000000000001
107,KIT,Kitron,Information technology,14.4,14.4,14.42,862,,2579.10,0.036000000000000004,0.1632,0.2183,0.3091,0.4314
108,KCC,Klaveness Combination Carriers,Industrials,36.1,36.0,43.5,9,,1733.55,,-0.019,0.0464,-0.2404,-0.168
109,KOMP,Komplett Bank,Financials,6.62,6.61,6.62,218,,1233.76,0.0458,0.0091,0.0091,-0.4696,-0.2957
110,KOA,Kongsberg Automotive,Consumer discretionary,0.14,0.14,0.14,1482,,1054.62,-0.0098,-0.055999999999999994,-0.7848,-0.8948,-0.9017000000000001
111,KOG,Kongsberg Gruppen,Industrials,135.8,135.8,136.0,442,,24442.15,0.0,0.0059,-0.031400000000000004,0.0028000000000000004,0.1909
112,KVAER,Kværner,Energy,9.0,9.0,9.03,964,,2415.87,0.049,0.07780000000000001,0.3006,-0.11599999999999999,-0.2938
113,LAVO-ME,Lavo.tv,Communication services,0.08,0.08,0.08,37,LP,11.39,-0.036000000000000004,-0.0741,-0.24850000000000003,0.25,0.0
114,LSG,Lerøy Seafood Group,Consumer staples,54.7,54.64,54.7,1282,,32572.53,0.0018,-0.0397,-0.061399999999999996,-0.0366,-0.08380000000000001
115,LIFE-ME,Lifecare,Health care,5.55,5.5,5.55,281,,449.13,-0.0431,0.0,0.3028,0.6818000000000001,2.8542
116,LSTSB-ME,Lillestrøm Sparebank,Equity certificates,123.0,120.0,123.0,1,LP,123.00,,,0.008199999999999999,0.0794,0.1993
117,MGN,Magnora,Energy,11.3,11.15,11.3,214,,593.37,0.066,0.2556,0.4752,0.654,0.6659
118,MSEIS,Magseis Fairfield,Energy,1.61,1.61,1.63,170,,430.57,0.0125,-0.1013,-0.1765,-0.7189,-0.8551000000000001
119,MEDI,Medistim,Health care,214.0,213.0,215.0,84,,3894.98,-0.004699999999999999,-0.0138,0.0239,0.11460000000000001,0.6335999999999999
120,MELG,Melhus Sparebank,Equity certificates,134.0,133.0,136.0,8,LP,371.90,-0.0074,0.0,0.046900000000000004,0.0208,0.1514
121,MRCEL-ME,Mercell Holding,Information technology,8.5,8.5,8.54,680,,2462.29,0.030299999999999997,,,,
122,MOWI,Mowi,Consumer staples,169.0,168.8,169.0,5014,,87391.77,0.0108,-0.0538,-0.0989,-0.25079999999999997,-0.17850000000000002
123,MPCC,MPC Container Ships,Industrials,2.1,2.05,2.19,682,LP,191.42,0.039599999999999996,-0.5802,-0.691,-0.8724,-0.8989
124,MULTI,Multiconsult,Industrials,68.0,68.0,68.5,45,,1827.19,0.0226,0.0074,0.0462,-0.0556,0.0794
125,NAPA,Napatech,Information technology,6.45,6.41,6.45,293,,535.72,0.084,0.3299,0.5176,0.3812,3.4177999999999997
126,NATTO,NattoPharma,Consumer staples,21.2,21.0,21.2,209,LP,414.10,0.0495,0.2184,0.3333,1.8266999999999998,1.0784
127,NAVA,Navamedic,Health care,18.75,18.5,18.9,54,,284.38,-0.0335,-0.057800000000000004,-0.023399999999999997,0.0146,0.19649999999999998
128,NKR,Nekkar,Industrials,3.73,3.73,3.8,54,,393.94,0.0,-0.0286,0.0,0.8195,0.45289999999999997
129,NEL,NEL,Industrials,23.34,23.25,23.34,7276,,32708.45,0.0571,0.08560000000000001,0.1558,1.7018,2.3244
130,NEXT,NEXT Biometrics Group,Information technology,1.9,1.88,1.9,66,,133.93,0.0315,-0.0557,-0.2686,-0.44270000000000004,-0.5388000000000001
131,NISB-ME,Nidaros Sparebank,Equity certificates,113.0,112.0,117.0,0,LP,126.46,,,0.066,0.0547,0.14679999999999999
132,NORBIT,NORBIT,Information technology,14.3,14.1,14.3,31,LP,812.05,0.021400000000000002,0.0288,-0.0403,-0.2709,-0.2559
133,NOM,Nordic Mining,Materials,2.52,2.43,2.52,275,,497.68,0.0161,0.0633,0.1507,0.1996,0.2721
134,NANO,Nordic Nanovector,Health care,20.5,20.5,20.54,261,,1356.32,0.0039000000000000003,-0.0294,0.06,-0.35409999999999997,-0.38170000000000004
135,NOD,Nordic Semiconductor,Information technology,92.5,92.5,92.6,4318,,16331.40,0.1051,0.142,0.4079,0.6607,1.2214
136,NHY,Norsk Hydro,Materials,28.56,28.54,28.56,5818,,58523.00,0.044199999999999996,0.0593,0.060899999999999996,-0.125,-0.07150000000000001
137,NSKOG,Norske Skog,Materials,30.5,30.5,30.9,205,,2516.25,-0.0016,-0.0513,-0.0758,-0.23190000000000002,
138,NORTH,North Energy,Energy,1.45,1.4,1.44,39,,170.01,0.0432,0.0394,0.11539999999999999,-0.0584,-0.0102
139,NODL,Northern Drilling,Energy,6.49,6.37,6.49,69,,104.70,0.1487,-0.0553,-0.13,-0.6857,-0.8223999999999999
140,NOL,Northern Ocean Ltd.,Energy,5.13,5.06,5.13,220,,327.31,0.026000000000000002,-0.0888,-0.2343,,
141,NRS,Norway Royal Salmon,Consumer staples,222.2,221.4,222.2,323,,9536.56,-0.008,-0.0601,-0.0833,-0.052000000000000005,0.10619999999999999
142,NAS,Norwegian Air Shuttle,Industrials,2.85,2.85,2.85,4039,,9319.39,0.0552,0.0379,-0.0984,-0.9245,-0.9336
143,NOR,Norwegian Energy Company,Energy,154.0,154.0,155.5,62,LP,3713.07,0.0033,-0.0128,-0.1698,-0.3171,-0.44799999999999995
144,NOFI,Norwegian Finans Holding,Financials,70.7,70.65,70.7,1433,,13199.32,0.031400000000000004,0.0451,0.012199999999999999,-0.2581,0.1082
145,NPRO,Norwegian Property,Real estate,11.6,11.6,11.8,31,,5726.06,0.0175,-0.0902,-0.0085,-0.16140000000000002,-0.0092
146,NRC,NRC Group,Industrials,33.4,33.4,33.5,133,,2435.79,0.0437,0.0705,0.029300000000000003,-0.4103,-0.49520000000000003
147,NTS,NTS,Industrials,69.0,69.0,72.0,8,,8229.79,0.0,-0.0282,0.0,0.1672,0.12050000000000001
148,OBSERV,Observe Medical,Health care,15.9,15.9,16.0,24,,308.99,-0.0364,0.1606,-0.024900000000000002,0.475,
149,OCY,Ocean Yield,Energy,22.8,22.8,22.85,769,,3992.17,0.0121,0.0323,0.048600000000000004,-0.4849,-0.5235
150,OTS,Oceanteam,Energy,2.8,2.77,2.88,8,,95.79,-0.024399999999999998,-0.0345,-0.041100000000000005,-0.4286,-0.6147
151,ODL,Odfjell Drilling,Energy,11.5,11.38,11.5,498,,2723.01,0.036000000000000004,0.0034999999999999996,0.0417,-0.6485,-0.5775
152,ODF,Odfjell ser. A,Industrials,21.1,21.0,21.5,3,LP,1266.43,-0.0365,-0.018600000000000002,0.0446,-0.20379999999999998,-0.1977
153,ODFB,Odfjell ser. B,Industrials,20.4,20.4,20.8,6,LP,382.63,-0.0097,-0.0286,0.02,-0.2214,-0.2214
154,OKEA,OKEA,Energy,9.34,9.28,9.34,44,,957.37,-0.0168,-0.0331,-0.0311,-0.46630000000000005,-0.5552
155,OET,Okeanis Eco Tankers,Energy,54.0,53.6,54.2,75,,1761.80,-0.0037,-0.0217,-0.1374,-0.4549,-0.1547
156,OLT,Olav Thon Eiendomsselskap,Real estate,142.5,142.5,143.5,61,,14766.30,0.0,0.014199999999999999,0.0215,-0.1508,-0.0172
157,ORK,Orkla,Consumer staples,84.74,84.6,84.74,4122,,84765.91,-0.0002,0.0078000000000000005,-0.0121,-0.0209,0.1371
158,OTELLO,Otello Corporation,Communication services,11.6,11.55,11.6,82,,1595.67,-0.0128,-0.0085,-0.083,-0.275,-0.2152
159,PEN,Panoro Energy,Energy,11.46,11.44,11.46,181,,786.54,0.034300000000000004,0.0106,0.0269,-0.4996,-0.3306
160,PARB,Pareto Bank,Financials,34.4,34.6,34.9,106,,2402.90,0.0393,0.033,0.0269,-0.10880000000000001,-0.0753
161,PCIB,PCI Biotech Holding,Health care,70.1,69.5,70.1,484,,2612.34,-0.0028000000000000004,-0.0168,-0.0264,-0.086,1.5036
162,PSE,Petrolia,Energy,6.9,6.5,6.9,156,,408.02,0.0,0.029900000000000003,2.0263,1.3,1.2697
163,PNOR,PetroNor E&P Limited,Energy,0.95,0.94,0.96,44,,923.08,-0.0206,-0.0256,-0.08650000000000001,-0.06860000000000001,0.036000000000000004
164,PEXIP,Pexip Holding,Information technology,87.5,87.5,87.6,693,,8837.18,0.0009,-0.0146,-0.0032,,
165,PGS,PGS,Energy,3.28,3.28,3.28,736,,1269.26,-0.0091,-0.10189999999999999,-0.2394,-0.8094,-0.7248
166,PHLY,Philly Shipyard,Industrials,75.0,74.6,76.4,11,,908.09,0.013500000000000002,0.0417,-0.0718,0.7564,0.9737
167,PHO,Photocure,Health care,71.1,71.1,71.2,885,LP,1890.79,-0.0207,-0.0444,-0.0482,-0.20559999999999998,0.2365
168,PPG PREF,Pioneer Property Group,Real estate,100.0,99.5,100.0,10,,486.86,0.0,0.0,0.0087,0.027999999999999997,0.056299999999999996
169,PLCS,Polarcus,Energy,0.39,0.37,0.39,65,,199.86,0.0443,0.051399999999999994,-0.06269999999999999,-0.7075,-0.6431
170,POL,Polaris Media,Communication services,35.4,35.4,37.0,12,,1726.22,,-0.0167,-0.0275,0.005699999999999999,0.2465
171,PLT,poLight,Information technology,58.7,58.6,58.7,445,LP,531.02,0.0298,0.0191,-0.0084,0.5033,4.6125
172,PRS,Prosafe,Energy,1.32,1.3,1.32,41,,107.90,-0.0408,-0.023700000000000002,-0.22469999999999998,-0.37549999999999994,-0.8875
173,PROTCT,Protector Forsikring,Financials,51.2,51.1,51.2,524,,4192.57,0.0354,0.2673,0.4525,-0.023799999999999998,0.0331
174,QFR,Q-Free,Information technology,4.56,4.56,4.6,46,,406.86,-0.05,0.0179,0.1014,-0.32939999999999997,-0.371
175,QFUEL-ME,Quantafuel,Industrials,22.5,22.4,22.5,89,,2827.43,-0.0123,-0.0625,-0.058600000000000006,,
176,QEC,Questerre Energy Corporation,Energy,0.85,0.85,0.85,65,,362.44,0.0059,-0.0483,-0.1331,-0.4391,-0.4428
177,RAKP,RAK Petroleum,Energy,6.32,6.18,6.38,6,,1228.91,0.0194,-0.0125,-0.059500000000000004,-0.4575,-0.5157
178,REACH,Reach Subsea,Energy,1.07,1.07,1.12,23,,153.59,0.0,-0.0273,-0.0446,-0.3249,-0.5023
179,REC,REC Silicon,Information technology,2.9,2.85,2.9,186,,811.48,0.0197,0.0069,0.0069,0.08289999999999999,-0.364
180,RIVER-ME,River iGaming,Consumer discretionary,5.6,5.6,6.0,4,,106.49,-0.0968,0.0,0.0182,-0.65,-0.7724
181,ROM,RomReal,Real estate,2.48,1.8,2.0,0,,102.47,,,,,
182,ROMSB-ME,Romsdal Sparebank,Equity certificates,115.0,113.0,115.0,0,LP,225.94,,,0.036000000000000004,,
183,SDSD,S.D. Standard Drilling,Energy,0.74,0.74,0.75,17,,426.26,-0.013300000000000001,-0.0027,-0.013300000000000001,-0.45189999999999997,-0.3782
184,SAGA,Saga Tankers,Financials,0.91,0.91,0.93,4,,242.20,-0.016200000000000003,0.0,0.0187,-0.1539,-0.030699999999999998
185,SALM,SalMar,Consumer staples,427.8,427.8,427.9,2406,,48308.40,-0.0074,-0.0596,-0.054400000000000004,-0.0479,-0.022400000000000003
186,SALMON,Salmones Camanchaca,Consumer staples,56.6,56.0,56.6,2,,3735.60,0.0143,0.0366,0.052000000000000005,-0.11939999999999999,-0.18030000000000002
187,SADG,Sandnes Sparebank,Equity certificates,58.6,58.6,59.0,33,,1225.93,-0.0068000000000000005,0.0103,0.0,-0.0405,0.0045000000000000005
188,SAS NOK,SAS AB,Industrials,8.21,8.21,8.22,208,,3141.00,0.0018,0.0148,-0.1076,-0.4307,-0.33899999999999997
189,SATS,SATS,Consumer discretionary,18.84,18.84,19.0,150,,3236.02,0.0086,0.0011,-0.0765,-0.1691,
190,SBANK,Sbanken,Financials,64.4,64.4,64.5,562,,6873.13,0.0222,0.0,-0.0138,-0.1367,-0.10310000000000001
191,SCANA,Scana,Materials,1.18,1.14,1.18,147,,126.86,0.0536,-0.0167,0.3721,0.475,0.3721
192,SSO,Scatec Solar,Utilities,161.7,161.6,161.7,1623,,22259.02,0.0,0.0412,0.0426,0.303,0.7453
193,SCHA,Schibsted ser. A,Communication services,250.6,249.9,250.6,1611,,26177.67,0.0113,-0.0008,-0.0008,-0.0554,0.11380000000000001
194,SCHB,Schibsted ser. B,Communication services,227.6,226.6,227.6,392,,29434.94,0.0116,-0.012199999999999999,-0.0348,-0.09609999999999999,0.08380000000000001
195,SBX,SeaBird Exploration,Energy,4.79,4.7,4.79,37,LP,129.07,0.0862,0.0837,0.0021,-0.5761,-0.7803
196,SDRL,Seadrill,Energy,3.74,3.74,3.82,190,,374.14,0.0005,-0.0738,-0.3636,-0.8175,-0.8963
197,SSG,Self Storage Group,Industrials,24.1,24.1,24.4,62,,2032.32,-0.0123,-0.0623,-0.0398,-0.1484,0.1814
198,SBO,Selvaag Bolig,Real estate,53.0,53.0,53.3,215,,4943.89,-0.011200000000000002,0.0076,0.0664,0.0407,0.7062999999999999
199,SHLF,Shelf Drilling,Energy,2.89,2.87,2.89,105,,393.57,0.013999999999999999,-0.036699999999999997,-0.19269999999999998,-0.8376,-0.9003
200,SIOFF,Siem Offshore,Energy,0.96,0.96,0.99,70,,897.35,0.1294,-0.1351,0.0667,-0.23809999999999998,-0.4146
201,SKUE,Skue Sparebank,Equity certificates,167.0,167.0,168.0,8,LP,314.13,0.006,0.006,0.030899999999999997,0.1539,0.3529
202,SOFTOX-ME,SoftOx Solutions,Health care,57.5,57.5,58.0,206,,445.68,0.055,0.0268,-0.3716,0.8791,
203,SOGN,Sogn Sparebank,Equity certificates,101.0,99.5,102.0,5,LP,63.88,,-0.0194,-0.0288,-0.056100000000000004,0.0
204,SOLON,Solon Eiendom,Real estate,30.0,29.1,30.2,14,,2200.89,0.0067,-0.0291,0.0453,-0.2611,-0.1549
205,SOFF,Solstad Offshore,Energy,0.49,0.49,0.5,79,,142.79,-0.02,-0.0613,-0.22219999999999998,-0.4954,-0.6219
206,SBVG,SpareBank 1 BV,Equity certificates,36.0,36.0,36.5,20,LP,2268.27,0.0141,0.0084,-0.0137,-0.0236,0.028300000000000002
207,NONG,SpareBank 1 Nord-Norge,Equity certificates,64.3,64.3,64.4,270,LP,6455.59,0.0206,0.0371,0.0239,-0.11699999999999999,0.0104
208,SNOR,SpareBank 1 Nordvest,Equity certificates,110.0,110.0,111.0,3,,245.36,0.0,,0.027999999999999997,0.0144,0.0902
209,RING,SpareBank 1 Ringerike Hadeland,Equity certificates,226.0,226.0,232.0,2,,3536.99,,,0.0273,0.0526,0.1868
210,MING,SpareBank 1 SMN,Equity certificates,80.3,80.3,80.4,760,,10425.81,0.04019999999999999,0.0335,0.0415,-0.1361,-0.1344
211,SRBANK,SpareBank 1 SR-Bank,Financials,73.9,73.9,74.15,750,,18898.84,0.0379,0.031400000000000004,0.0096,-0.261,-0.2839
212,SOAG,SpareBank 1 Østfold Akershus,Equity certificates,226.0,228.0,232.0,0,LP,2799.72,,,0.0,-0.0029,0.0779
213,SPOL,SpareBank 1 Østlandet,Equity certificates,89.5,89.1,89.5,125,LP,10366.77,0.0323,0.0229,0.017,0.0296,0.10869999999999999
214,MORG,Sparebanken Møre,Equity certificates,299.0,297.0,299.0,17,LP,2949.59,0.0067,0.0,0.0067,-0.0062,-0.003
215,SOR,Sparebanken Sør,Equity certificates,99.4,99.2,99.6,20,LP,1552.59,0.0060999999999999995,0.0143,0.024700000000000003,-0.0964,0.0463
216,SBTE,Sparebanken Telemark,Equity certificates,129.0,129.0,130.0,8,,1405.92,0.048799999999999996,,0.0403,0.046,0.1427
217,SVEG,Sparebanken Vest,Equity certificates,64.4,63.9,64.4,160,LP,6909.80,0.0174,0.0387,0.0255,0.0705,0.2569
218,SPOG,Sparebanken Øst,Equity certificates,48.7,48.3,48.7,24,,1009.61,0.0231,0.0362,0.0774,-0.0385,-0.0242
219,SBLK,Star Bulk Carriers,Industrials,59.0,57.2,60.0,10,,5350.50,0.0,-0.0665,-0.0605,-0.4399,-0.3502
220,SNI,Stolt-Nielsen,Industrials,82.5,82.1,82.5,73,,4415.71,-0.0108,-0.0582,0.0417,-0.2763,-0.1805
221,STB,Storebrand,Financials,54.64,54.6,54.64,3896,,25538.20,0.036000000000000004,0.0329,0.0659,-0.20829999999999999,-0.1201
222,STORM,Storm Real Estate,Real estate,3.5,3.12,3.5,17,,30.92,-0.0169,-0.0437,-0.0789,0.0294,-0.4017
223,STRONG,StrongPoint,Information technology,13.25,13.2,13.25,68,LP,586.54,0.015300000000000001,0.015300000000000001,-0.0038,0.1042,0.3119
224,SUBC,Subsea 7,Energy,63.82,63.82,63.92,2252,,18968.30,0.021400000000000002,-0.0068000000000000005,-0.0446,-0.39189999999999997,-0.3448
225,SUNSB-ME,Sunndal Sparebank,Equity certificates,110.0,109.0,110.0,3,LP,148.74,,0.0,0.0,0.0294,0.10640000000000001
226,SUSB-ME,Surnadal Sparebank,Equity certificates,106.0,106.0,107.0,2,LP,212.99,,0.0,-0.009300000000000001,0.0078000000000000005,0.0529
227,TRVX,Targovax,Health care,6.54,6.35,6.54,108,,497.61,0.0015,-0.067,-0.0815,-0.2534,-0.034
228,TEAM,Team Tankers International,Industrials,3.2,3.2,3.5,26,,648.48,-0.047599999999999996,-0.2,-0.3103,-0.40740000000000004,-0.4182
229,TECH,Techstep,Information technology,2.5,2.5,2.66,40,,406.98,-0.0385,-0.10710000000000001,-0.16670000000000001,-0.2625,-0.4048
230,TEL,Telenor,Communication services,142.95,142.5,142.95,3109,,200052.53,0.0092,0.029900000000000003,-0.047,-0.06480000000000001,-0.16920000000000002
231,TGS,TGS-NOPEC Geophysical Company,Energy,139.95,139.95,140.1,1284,,16361.18,0.0321,-0.026099999999999998,-0.08349999999999999,-0.46299999999999997,-0.40759999999999996
232,THIN,Thin Film Electronics,Information technology,0.38,0.38,0.38,630,,135.04,-0.0732,-0.025099999999999997,-0.49329999999999996,-0.6966,-0.7172
233,TIETOO,TietoEVRY,Information technology,263.8,263.8,265.0,19,,31236.28,0.018500000000000003,0.0177,0.0233,-0.049699999999999994,
234,TOM,Tomra Systems,Industrials,355.4,355.3,355.4,2197,,52464.11,0.0074,0.032799999999999996,0.045899999999999996,0.2766,0.3018
235,TOTG,Totens Sparebank,Equity certificates,142.0,139.0,142.0,4,LP,869.68,0.0216,-0.006999999999999999,-0.006999999999999999,0.0788,0.19010000000000002
236,TRE,Treasure,Industrials,10.6,10.45,10.7,7,,2277.25,0.0095,-0.0364,-0.057800000000000004,-0.19140000000000001,-0.20879999999999999
237,TYSB-ME,Tysnes Sparebank,Equity certificates,111.0,111.0,116.0,1,LP,168.40,,-0.0177,0.0278,-0.0519,0.051500000000000004
238,ULTIMO,Ultimovacs,Health care,41.5,41.4,41.9,37,,1326.90,0.012199999999999999,0.0,-0.0859,0.0587,0.3175
239,VEI,Veidekke,Industrials,122.0,121.4,122.2,252,,16464.66,0.0049,-0.0161,0.2079,0.0209,0.4788
240,VISTIN,Vistin Pharma,Health care,13.3,13.2,13.3,235,,589.78,0.0391,0.10830000000000001,0.0902,0.3881,1.0923
241,VVL,Voss Veksel- og Landmandsbank,Financials,155.0,153.0,155.0,12,LP,341.60,0.006500000000000001,,0.054400000000000004,-0.0064,-0.0483
242,VOW,Vow,Industrials,22.65,22.65,22.95,228,,2413.66,-0.0022,0.011200000000000002,-0.0958,-0.245,0.1984
243,WALWIL,Wallenius Wilhelmsen,Industrials,12.98,12.98,13.08,272,,5481.52,0.0253,-0.0385,-0.0885,-0.40509999999999996,-0.49219999999999997
244,WSTEP,Webstep,Information technology,18.6,18.6,18.8,8,,496.12,0.0109,0.0054,0.022000000000000002,-0.2314,-0.2791
245,WWI,Wilh. Wilhelmsen Holding ser. A,Industrials,116.5,116.5,120.0,12,,3961.00,-0.0127,-0.021,0.044800000000000006,-0.2797,-0.1461
246,WWIB,Wilh. Wilhelmsen Holding ser. B,Industrials,116.5,116.5,118.5,10,,1232.57,0.0175,-0.0043,0.0737,-0.2798,-0.1405
247,WILS,Wilson,Industrials,20.0,18.7,20.2,0,,877.20,,,0.0204,-0.0125,0.08109999999999999
248,XXL,XXL,Consumer discretionary,22.62,22.6,22.62,1646,,5710.12,0.0189,0.0235,0.3569,0.5771999999999999,-0.1114
249,YAR,Yara International,Materials,344.0,342.8,344.0,3629,,92769.44,0.0226,0.0097,-0.0152,-0.0155,-0.09480000000000001
250,ZAL,Zalaris,Industrials,33.4,33.2,33.4,21,,655.34,-0.0089,-0.0176,0.0183,0.2101,0.4522
251,ZENA-ME,Zenith Energy,Energy,0.09,0.08,0.09,42,LP,73.79,-0.0226,-0.0356,-0.247,-0.5953,-0.7779
252,ZWIPE-ME,Zwipe,Information technology,12.88,12.6,12.9,141,,328.77,-0.1226,0.1338,0.3089,1.4302000000000001,-0.12380000000000001
