ticker,52WeekChange,SandP52WeekChange,annualHoldingsTurnover,annualReportExpenseRatio,beta,beta3Year,bookValue,category,dateShortInterest,earningsQuarterlyGrowth,enterpriseToEbitda,enterpriseToRevenue,enterpriseValue,fiveYearAverageReturn,floatShares,forwardEps,forwardPE,fundFamily,fundInceptionDate,heldPercentInsiders,heldPercentInstitutions,lastCapGain,lastDividendValue,lastFiscalYearEnd,lastSplitDate,lastSplitFactor,legalType,maxAge,morningStarOverallRating,morningStarRiskRating,mostRecentQuarter,netIncomeToCommon,nextFiscalYearEnd,pegRatio,priceHint,priceToBook,priceToSalesTrailing12Months,profitMargins,revenueQuarterlyGrowth,sharesOutstanding,sharesPercentSharesOut,sharesShort,sharesShortPreviousMonthDate,sharesShortPriorMonth,shortPercentOfFloat,shortRatio,threeYearAverageReturn,totalAssets,trailingEps,yield,ytdReturn
2020,Infinity,0.18931425,,,,,,,,,,,,,,,,,-,,,,,,-,,,1,,,,,,,2,,,0,,22170900,,,-,,,,,,,,
SSO,0.3274933,0.18931425,,,0.710378,,24.948,,,1.214,18.852,14.587,22698039296,,89895609,1.67,,,-,,,,,1546214400,-,,,1,,,1569801600,19000000,1609372800,,2,4.0404043,,0.012209999,,125129000,,,-,,,,,,0.127,,
NORTH,-0.29456902,0.18931425,,,0.300884,,2.6,,,,3.267,-86.324,-76224344,,45012887,-0.93,,,-,,,,,1546214400,-,,,1,,,1569801600,-40623000,1609372800,,4,0.46538463,,0,,117252000,,,-,,,,,,-0.34,,
REACH,-0.33541667,0.18931425,,,0.400643,,1.327,,,-0.483,12.079,0.604,357535872,,56429371,0.1,,,-,,,,,1546214400,2012-12-06,20/1,,1,,,1569801600,-17233000,1609372800,,4,1.1642803,,-0.02913,,143546000,,,-,,,,,,-0.125,,
SIOFF,-0.15483874,0.18931425,,,0.649235,,0.432,,,,22.885,7.631,2246650880,,34138855,-0.02,,,-,,,,,1546214400,-,,,1,,,1569801600,-86782000,1609372800,,4,3.009259,,-0.27688998,,942020992,,,-,,,,,,-0.087,,
KCC,Infinity,0.18931425,,,,,4.105,,,0.178,93.528,19.436,2425190912,,11652905,,,,-,,,,,1546214400,-,,,1,,,1569801600,-472000,1609372800,,2,10.499391,,-0.00378,,48027000,,,-,,,,,,-0.012,,
SUBC,0.104204774,0.18931425,,,1.321802,,18.156,,,-0.429,54.86,7.805,29585780736,,214117926,0.25,,,-,,,,,1546214400,-,,,1,,,1569801600,90100000,1609372800,,2,5.355805,,0.02377,,298787008,,,-,,,,,,0.29,,
OLT,0.0803324,0.18931425,,,0.753821,,256.391,,,0.035,15.777,10.182,39852216320,,26853945,13.47,,,-,,,,,1546214400,2014-06-11,1/10,,1,,,1569801600,1864000000,1609372800,,2,0.60922575,,0.47624,,103623000,,,-,,,,,,17.791,,
WWIB,-0.041935503,0.18931425,,,1.197908,,40.061,,,,71.245,9.033,7551968768,,22552261,,,,-,,,,,1546214400,2004-10-14,1/2,,1,,,1569801600,70000000,1609372800,,2,3.731809,,0.083730005,,10580000,,,-,,,,,,1.508,,
OCY,-0.21986967,0.18931425,,,0.629927,,5.05,,,,46.184,36.401,9296939008,,67118814,0.67,,,-,,,,,1546214400,-,,,1,,,1569801600,-100200000,1609372800,,2,9.485148,,-0.39233002,,175084992,,,-,,,,,,-0.631,,
SHLF,-0.6593511,0.18931425,,,0.427787,,4.685,,,,42.785,5.823,3315572480,,38229871,-0.46,,,-,,,,,1546214400,-,,,1,,,1569801600,-129221000,1609372800,,2,3.7780151,,-0.22694999,,136880992,,,-,,,,,,-1.06,,
NOFI,0.3509935,0.18931425,,,0.704746,,48.154,,,0.178,,5.106,19761950720,,120378632,10.7,,,-,,,,,1546214400,-,,,1,,,1569801600,1938237952,1609372800,,2,1.9167671,,0.50078,,186695008,,,-,,,,,,10.38,,
RIVER-ME,-0.32,0.18931425,,,,,,,,,,,356226784,,9915544,,,,-,,,,,1546214400,-,,,1,,,1561852800,,1609372800,,2,,,-2.16699,,19016700,,,-,,,,,,,,
NRC,-0.31195968,0.18931425,,,-0.138374,,37.817,,,0.562,36.788,0.863,4745604608,,34268494,,,,-,,,,,1546214400,2013-11-21,100/1,,1,,,1569801600,-118000000,1609372800,,2,1.2639817,,-0.0189,,54023100,,,-,,,,,,-2.02,,
HSPG,0.22105265,0.18931425,,,0.221238,,945.896,,,-0.031,,2.853,390188704,,446385,11.8,,,-,,,,,1546214400,-,,,1,,,1569801600,7356000,1609372800,,2,0.122635044,,0.37978,,687900,,,-,,,,,,10.693,,
TRVX,-0.16918916,0.18931425,,,1.849557,,5.233,,,,-2.675,16112.482,386699584,,41334989,-2.85,,,-,,,,,1546214400,-,,,1,,,1569801600,-153482000,1609372800,,2,1.1943437,,0,,63383600,,,-,,,,,,-2.643,,
CRAYON,2.0186334,0.18931425,,,1.492343,,7.898,,,,26.396,0.351,4283695616,,29284163,1.07,,,-,,,,,1546214400,-,,,1,,,1569801600,25424000,1609372800,,2,6.2547483,,0.00208,,75320000,,,-,,,,,,0.329,,
FUNCOM,-0.13061339,0.18931425,,,0.666934,,0.582,,,,151.991,34.156,969855872,,26854914,,,,-,,,,,1546214400,2018-02-01,5/1,,1,,,1569801600,1324000,1609372800,,2,21.512028,,0.046630003,,77287000,,,-,,,,,,0.013,,
WILS,0.111111164,0.18931425,,,0.936444,,2.999,,,-0.143,,,877203648,,3972417,,,,-,,,,,1546214400,-,,,1,,,1569801600,,1609372800,,2,7.269089,,0.06379,,43860200,,,-,,,,,,0.273,,
SSHIP,3.869565,0.18931425,,,0.978278,,1.037,,,0.234,52.008,5.809,2116708864,,21909746,0.35,,,-,,,,,1546214400,-,,,1,,,1561852800,29200000,1609372800,,2,21.50434,,0.080129996,,106564000,,,-,,,,,,0.304,,
PRS,-0.8185841,0.18931425,,,0.772325,,0.161,,,,11.241,5.407,1465849984,,85019089,-0.95,,,-,,,,,1546214400,2016-12-06,100/1,,1,,,1569801600,-412400000,1609372800,,4,17.515528,,-1.5212101,,81864200,,,-,,,,,,-4.461,,
DAT,0.71933675,0.18931425,,,0.645213,,13.198,,,0.632,14.836,1.749,3116665600,,65849659,1.85,,,-,,,,,1546214400,-,,,1,,,1569801600,106072000,1609372800,,2,2.9701471,,0.05954,,73710496,,,-,,,,,,1.626,,
PLT,0.097142935,0.18931425,,,,,19.955,,,,-4.157,161.009,242157312,,4037891,,,,-,,,,,1546214400,-,,,1,,,1569801600,-58954000,1609372800,,2,1.9042846,,0,,8116590,,,-,,,,,,-7.262,,
ICE,Infinity,0.18931425,,,-0.22508,,-3.15,,,,-20.028,4.688,8194157056,,93961258,,,,-,,,,,1546214400,-,,,1,,,1569801600,-1202930048,1609372800,,2,,,-0.68838,,201488992,,,-,,,,,,-6.556,,
INFRNT,0.22921407,0.18931425,,,-0.772203,,5.655,,,,,,1083244032,,31135899,1.13,,,-,,,,,1546214400,-,,,1,,,1569801600,,1609372800,,2,4.4562335,,-0.15883,,43329800,,,-,,,,,,0.636,,
BAKKA,0.46721685,0.18931425,,,-0.220434,,13.119,,,-0.492,,,31545391104,,41328407,31.33,,,-,,,,,1546214400,-,,,1,,,1569801600,,1609372800,,2,47.374035,,0.15745,,58271800,,,-,,,,,,3.037,,
AKER,0.008016467,0.18931425,,,1.000804,,260.459,,,,25.425,1.966,88785805312,,22364561,26.25,,,-,,,,,1546214400,-,,,1,,,1561852800,-1014000000,1609372800,,2,1.8674723,,-0.008169999,,74278200,,,-,,,,,,-4.968,,
BMA,0.25170064,0.18931425,,,0.331456,,120.319,,,0.121,5.879,0.495,896576000,,371149,,,,-,,,,,1546214400,-,,,1,,,1569801600,61985000,1609372800,,2,0.7563228,,0.03422,,6983320,,,-,,,,,,8.769,,
WALWIL,-0.28513515,0.18931425,,,1.629123,,6.315,,,0.571,19.212,3.228,12901095424,,102214952,0.47,,,-,,,,,1546214400,-,,,1,,,1569801600,94000000,1609372800,,2,3.3095803,,0.02352,,422340992,,,-,,,,,,0.222,,
AURG,0.09809446,0.18931425,,,-0.134352,,533.164,,,0.166,,13.72,3276619776,,2169668,14.03,,,-,,,,,1546214400,-,,,1,,,1569801600,49356000,1609372800,,2,0.35073635,,0.46105,,2380850,,,-,,,,,,20.73,,
B2H,-0.28224522,0.18931425,,,0.958165,,10.053,,,0.138,,7.455,15417564160,,261020482,2.16,,,-,,,,,1546214400,-,,,1,,,1569801600,173246000,1609372800,,2,0.90818655,,0.08377,,409932992,,,-,,,,,,0.416,,
NRS,0.3409201,0.18931425,,,-0.138374,,51.386,,,,11.849,2.019,11488570368,,12954712,18.5,,,-,,,,,1546214400,2019-06-07,1/1,,1,,,1569801600,402537984,1609372800,,2,4.643288,,0.055609997,,43431400,,,-,,,,,,7.29,,
ROM,-0.06666672,0.18931425,,,-0.549477,,0.574,,,,,,92663832,,9138143,,,,-,,,,,1546214400,2013-12-18,2/1,,1,,,1569801600,,1609372800,,4,3.902439,,0,,41367800,,,-,,,,,,0.041,,
NODL,-0.6361314,0.18931425,,,0.980839,,6.612,,,,,,2614495744,,65895249,-0.27,,,-,,,,,1546214400,-,,,1,,,1569801600,-2903000,1609372800,,2,2.970357,,0,,107556000,,,-,,,,,,-0.027,,
PROTCT,0.039569855,0.18931425,,,0.692679,,24.198,,,,-21.895,1.358,5007139328,,61482515,4.44,,,-,,,,,1546214400,-,,,1,,,1569801600,-253631008,1609372800,,2,1.9960327,,-0.092939995,,81761904,,,-,,,,,,-4.084,,
SADG,0.254717,0.18931425,,,0.376508,,128.919,,,0.287,,16.682,9715177472,,12140162,6.03,,,-,,,,,1546214400,-,,,1,,,1569801600,177188992,1609372800,,2,0.5158277,,0.46565,,22976300,,,-,,,,,,7.698,,
SUSB-ME,0.018179059,0.18931425,,,,,500.126,,,0.312,,11.612,1730544640,,1238068,,,,-,,,,,1546214400,-,,,1,,,1569801600,62777000,1609372800,,2,0.21994457,,0.42123002,,1315340,,,-,,,,,,47.727,,
AVM,1.2867646,0.18931425,,,2.883346,,-1.436,,,,,-2.296,60618004,,16780821,,,,-,,,,,1514678400,2016-06-13,10/1,,1,,,1530316800,-14593000,1577750400,,4,,,0,,20905500,,,-,,,,,,0.243,,
OTS,-0.50646305,0.18931425,,,1.396621,,1.786,,,,20.134,9.526,198081280,,14538074,,,,-,,,,,1546214400,2019-11-27,23/1,,1,,,1561852800,470000,1609372800,,4,2.2956326,,0.023039998,,34211300,,,-,,,,,,0.015,,
RING,0.13402057,0.18931425,,,0.267095,,237.269,,,-0.007,,7.494,6660185088,,4463652,21.24,,,-,,,,,1546214400,-,,,1,,,1569801600,421420992,1609372800,,2,0.92721766,,0.48712003,,15650400,,,-,,,,,,26.918,,
OET,0.44696975,0.18931425,,,,,9.897,,,,88.351,38.641,3830537984,,6617051,,,,-,,,,,1546214400,-,,,1,,,1569801600,-8564631,1609372800,,2,9.649388,,-0.0864,,32739900,,,-,,,,,,-0.262,,
NONG,0.14241493,0.18931425,,,0.25905,,139.183,,,-0.023,,7.972,32948520960,,91917204,6.86,,,-,,,,,1546214400,2011-03-31,3/4,,1,,,1569801600,1008000000,1609372800,,2,0.53670347,,0.52843,,100400000,,,-,,,,,,9.985,,
GRONG-ME,-0.0038810968,0.18931425,,,-0.117595,,234.875,,,0.027,,8.107,1398846848,,1992599,,,,-,,,,,1546214400,-,,,1,,,1569801600,53603000,1609372800,,2,0.4513039,,0.30363,,,,,-,,,,,,18.033,,
INDUCT-ME,-0.19624007,0.18931425,,,2.809716,,0.16,,,,-4.02,2.882,41309576,,4529780,,,,-,,,,,1546214400,-,,,1,,,1569801600,-11827625,1609372800,,4,24.375002,,-0.82512003,,10910000,,,-,,,,,,-1.399,,
SSC,1.0178571,0.18931425,,,0.337892,,0.941,,,-0.655,,,5480500224,,40472280,10.13,,,-,,,,,1546214400,-,,,1,,,1561852800,,1609372800,,2,30.021254,,0.15428,,194028992,,,-,,,,,,0.183,,
NISB-ME,Infinity,0.18931425,,,,,,,,0.457,,,,,,,,,-,,,,,1546214400,-,,,1,,,1569801600,28907000,1609372800,,2,,,0.31968,,1127540,,,-,,,,,,,,
PGS,-0.0503574,0.18931425,,,2.637972,,1.819,,,,12.171,7.16,6214471680,,268289411,0.07,,,-,,,,,1546214400,2006-12-18,1/3,,1,,,1569801600,-106100000,1609372800,,2,7.781748,,-0.12222999,,338577984,,,-,,,,,,-0.313,,
NPRO,0.3565892,0.18931425,,,0.251005,,15.938,,,0.578,24.162,18.92,14502158336,,80989152,0.47,,,-,,,,,1546214400,-,,,1,,,1569801600,848899968,1609372800,,2,0.87840384,,1.1075,,493625984,,,-,,,,,,1.542,,
SOFF,-0.55465585,0.18931425,,,1.83588,,-9.13,,,,39.342,6.2,31316240384,,144972068,-1.01,,,-,,,,,1546214400,-,,,1,,,1569801600,-5104393216,1609372800,,4,,,-1.01052,,291392000,,,-,,,,,,-17.517,,
SOFTOX-ME,Infinity,0.18931425,,,,,4.956,,,,-8.005,18.411,126672000,,1283299,,,,-,,,,,1546214400,2018-07-02,1/50,,1,,,1561852800,-12646775,1609372800,,2,6.537531,,-1.8381599,,4626000,,,-,,,,,,-2.734,,
SBO,0.6541352,0.18931425,,,0.603378,,32.977,,,2.238,9.501,2.261,7995296768,,39836641,4.89,,,-,,,,,1546214400,-,,,1,,,1569801600,739195008,1609372800,,2,2.0195892,,0.20899001,,92928600,,,-,,,,,,7.957,,
STRONG,0.34482765,0.18931425,,,0.350764,,5.642,,,-0.129,9.708,0.561,629108480,,29332074,1.1,,,-,,,,,1546214400,2005-05-09,10/1,,1,,,1569801600,21023000,1609372800,,2,2.0648704,,0.018760001,,44203600,,,-,,,,,,0.475,,
HIDDN,-0.959058,0.18931425,,,1.964,,-0.402,,,,-0.12,0.254,5127117,,4265147,,,,-,,,,,1546214400,2019-09-17,20/1,,1,,,1561852800,-56525000,1609372800,,4,,,-2.19189,,16077400,,,-,,,,,,-9.214,,
SNOR,0.01886797,0.18931425,,,-0.015923,,959.937,,,0.458,,4.588,2326077696,,1252960,11.46,,,-,,,,,1546214400,-,,,1,,,1569801600,35741000,1609372800,,2,0.11459085,,0.43717998,,2243480,,,-,,,,,,16.038,,
WSTEP,-0.07086611,0.18931425,,,0.316082,,13.687,,,-0.896,10.341,0.972,640441792,,16939487,2.26,,,-,,,,,1546214400,-,,,1,,,1569801600,42683000,1609372800,,2,1.797326,,0.064770006,,26673400,,,-,,,,,,1.6,,
PHO,1.0588236,0.18931425,,,-0.312148,,7.638,,,,-74.558,8.068,1741518080,,16417585,1.25,,,-,,,,,1546214400,-,,,1,,,1569801600,-22678000,1609372800,,2,10.814349,,-0.105059996,,21779800,,,-,,,,,,-1.044,,
ELK,-0.02471906,0.18931425,,,,,22.265,,,-0.775,6.209,0.794,18651435008,,239174328,4.4,,,-,,,,,1546214400,-,,,1,,,1569801600,1211000064,1609372800,,2,0.9800135,,0.05154,,581310016,,,-,,,,,,2.082,,
ULTIMO,Infinity,0.18931425,,,,,16.77,,,,-9.29,,469011584,,11445888,,,,-,,,,,1546214400,-,,,1,,,1569801600,-48498000,1609372800,,2,1.9320215,,0,,27860400,,,-,,,,,,-2.429,,
BEL,0.40588486,0.18931425,,,0.320997,,0.718,,,,60.648,11.406,1655148544,,34264108,0.08,,,-,,,,,1546214400,-,,,1,,,1569801600,15981000,1609372800,,2,9.749304,,0.11013,,211676992,,,-,,,,,,0.085,,
NTS,0.1652174,0.18931425,,,0.110521,,34.567,,,-0.999,14.147,4.325,7558493184,,12268817,6.33,,,-,,,,,1546214400,2014-08-13,1/10,,1,,,1569801600,297227008,1609372800,,2,1.9527295,,0.17006999,,72755800,,,-,,,,,,4.085,,
ALNG,-0.45951414,0.18931425,,,0.448109,,0.774,,,,78.473,19.195,595452352,,47926927,0.11,,,-,,,,,1546214400,-,,,1,,,1569801600,-14155000,1609372800,,4,3.4237728,,-0.45630002,,132549000,,,-,,,,,,-0.11,,
NORBIT,Infinity,0.18931425,,,,,7.339,,,1.515,8.827,1.801,1096966656,,28970982,,,,-,,,,,1546214400,-,,,1,,,1569801600,59816000,1609372800,,2,2.548576,,0.098179996,,56786900,,,-,,,,,,7.777,,
REC,-0.61787164,0.18931425,,,1.320997,,0.147,,,,-46.475,4.587,813320000,,227792514,0,,,-,,,,,1546214400,2019-07-12,10/1,,1,,,1569801600,-89600000,1609372800,,4,15.727891,,-0.50536,,279820000,,,-,,,,,,-0.335,,
SOLON,-0.07230562,0.18931425,,,-0.562,,16.69,,,,19.353,3.603,4602857472,,17736775,2.79,,,-,,,,,1546214400,2017-03-27,200/1,,1,,,1561852800,118399000,1609372800,,2,2.0431395,,0.09268,,69876800,,,-,,,,,,1.989,,
WRE-ME,,,,,,,,,,,,,,,,,,,,,,,,,,,,,,,,,,,,,,,,,,,,,,,,,,,
ADSC-ME,0.28999996,0.18931425,,,,,,,,,,,,,,,,,-,,,,,,-,,,1,,,,,,,2,,,0,,23390300,,,-,,,,,,,,
AKA,-0.28766018,0.18931425,,,0.43765,,15.938,,,,12.769,0.986,4826611200,,136630586,0.4,,,-,,,,,1546214400,2007-03-30,1/5,,1,,,1569801600,-278000000,1609372800,,2,0.53770864,,-0.10441,,271609984,,,-,,,,,,-1.881,,
SATS,Infinity,0.18931425,,,,,-0.971,,,-0.404,16.62,2.093,7964619264,,27034355,,,,-,,,,,1546214400,-,,,1,,,1569801600,19347000,1609372800,,2,,,0.00508,,,,,-,,,,,,0.172,,
PARB,0.07051408,0.18931425,,,0.851166,,45.028,,,0.257,,12.217,7498987520,,45356125,5.72,,,-,,,,,1546214400,-,,,1,,,1569801600,364483008,1609372800,,2,0.82837343,,0.59381,,69851696,,,-,,,,,,5.315,,
OBSERV,Infinity,0.18931425,,,,,,,,,,,,,,,,,-,,,,,,-,,,1,,,,,,,2,,,0,,15067700,,,-,,,,,,,,
KOA,-0.4619261,0.18931425,,,0.893,,0.702,,,1.048,,,2210299904,,340786400,1.25,,,-,,,,,1546214400,-,,,1,,,1569801600,,1609372800,,4,6.866097,,0.02619,,447892992,,,-,,,,,,0.011,,
NSKOG,Infinity,0.18931425,,,,,68.473,,,0.012,2.241,0.338,4302562304,,30338550,,,,-,,,,,1546214400,-,,,1,,,1569801600,2511000064,1609372800,,2,0.6159362,,0.1975,,82500000,,,-,,,,,,30.435,,
SUNSB-ME,Infinity,0.18931425,,,,,406.632,,,0.104,,10.243,948164800,,637250,,,,-,,,,,1546214400,-,,,1,,,1569801600,12753000,1609372800,,2,0.2852702,,0.36047,,,,,-,,,,,,7.72,,
GJF,0.36814022,0.18931425,,,0.37329,,49.729,,,0.138,6.749,1.79,54042079232,,494962966,9.52,,,-,,,,,1546214400,-,,,1,,,1569801600,6376300032,1609372800,,2,3.6316838,,0.21284,,500000000,,,-,,,,,,12.842,,
PNOR,Infinity,0.18931425,,,,,138.79,,,,0.002,0.001,102000,,,,,,-,,,,,1546214400,-,,,1,,,,7864000,1609372800,,4,0.007491895,,0.091639996,,971665024,,,-,,,,,,78.64,,
TEL,-0.02630788,0.18931425,,,0.310539,,25.472,,,,8.455,3.195,361661366272,,634344456,10,,,-,,,,,1546214400,-,,,1,,,1569801600,5576000000,1609372800,,2,6.369739,,0.0641,,1422659968,,,-,,,,,,5.006,,
GOD,0.49390244,0.18931425,,,0.973451,,10.501,,,,-5.475,0.343,193552096,,10068233,,,,-,,,,,1546214400,2012-05-07,10/1,,1,,,1569801600,-59852000,1609372800,,2,0.6951719,,-0.07706,,22614600,,,-,,,,,,-1.822,,
ELE,-0.56696427,0.18931425,,,4.456958,,0.727,,,,-28.833,545.347,107978752,,11649816,,,,-,,,,,1546214400,2019-04-25,20/1,,1,,,1569801600,-10651000,1609372800,,2,8.947731,,0,,18577000,,,-,,,,,,-0.897,,
BALT-ME,0.009025812,0.18931425,,,,,35.839,,,,4.965,3.607,218704400,,4003357,,,,-,,,,,1546214400,-,,,1,,,1569801600,-30776932,1609372800,,2,0.91520405,,-0.50763,,6643370,,,-,,,,,,-4.616,,
AWDR,-0.59078217,0.18931425,,,0.995172,,5.093,,,,80.688,18.673,758301952,,15090147,-0.22,,,-,,,,,1546214400,-,,,1,,,1569801600,-27778000,1609372800,,2,2.847045,,-0.68403,,54581500,,,-,,,,,,-0.543,,
KOG,0.26923072,0.18931425,,,0.74658,,70.239,,,-0.284,18.487,1.395,27988676608,,69464516,7.02,,,-,,,,,1546214400,2009-05-08,1/4,,1,,,1569801600,694000000,1609372800,,2,2.0003133,,0.034590002,,179972992,,,-,,,,,,4.063,,
HUNT,0.5232965,0.18931425,,,0.349155,,0.339,,,,3545.794,8769.202,2884102912,,352092784,0.01,,,-,,,,,1546214400,2017-12-08,10/1,,1,,,1569801600,1185250,1609372800,,4,14.41003,,5.4448795,,575361984,,,-,,,,,,0.003,,
SOAG,0.2020725,0.18931425,,,-0.114239,,260.777,,,-0.062,,9.505,7856437248,,4055170,24.01,,,-,,,,,1546214400,-,,,1,,,1569801600,371609984,1609372800,,2,0.889649,,0.47734,,12388200,,,-,,,,,,29.992,,
TGS,0.2150538,0.18931425,,,0.990345,,12.918,,,0.212,64.608,49.783,31924627456,,116020521,2.07,,,-,,,,,1546214400,2006-06-15,1/4,,1,,,1569801600,167602000,1609372800,,2,20.808174,,0.26136,,117335000,,,-,,,,,,1.586,,
LIFE-ME,0.45857644,0.18931425,,,,,0.275,,,,,707.374,331323392,,,,,,-,,,,,1546214400,2019-02-07,4/1,,1,,,1561852800,-9576239,1609372800,,4,13.454545,,0,,80901200,,,-,,,,,,-0.109,,
PHLY,0.31142867,0.18931425,,,0.761866,,7.953,,,,312.709,13.467,564752640,,1484671,,,,-,,,,,1546214400,-,,,1,,,1569801600,-22899000,1609372800,,2,5.4067645,,-0.54603,,12107900,,,-,,,,,,-1.891,,
SALMON,-0.09542346,0.18931425,,,,,3.142,,,0.486,-725.259,15.461,4541569024,,19788120,,,,-,,,,,1546214400,-,,,1,,,1569801600,43555000,1609372800,,2,21.451305,,0.14827,,66000000,,,-,,,,,,0.66,,
MPCC,-0.49583334,0.18931425,,,0.893087,,5.028,,,,62.288,9.157,1767300480,,53401883,0.34,,,-,,,,,1546214400,-,,,1,,,1569801600,-30705000,1609372800,,2,3.6495626,,-0.15909,,83901904,,,-,,,,,,-0.395,,
SVEG,0.21153843,0.18931425,,,0.195494,,273.203,,,0.211,,25.417,102076022784,,35471425,6.32,,,-,,,,,1546214400,2010-05-20,1/2,,1,,,1569801600,445000000,1609372800,,2,0.23059776,,0.49228,,107319000,,,-,,,,,,7.159,,
ITE,0.29539943,0.18931425,,,0.258246,,0.59,,,0.442,13.245,1.537,843281984,,27609555,0.5,,,-,,,,,1546214400,2000-03-17,1/7,,1,,,1561852800,37964000,1609372800,,2,17.966103,,0.06919,,81416704,,,-,,,,,,0.469,,
BRG,0.25032508,0.18931425,,,-0.187449,,31.567,,,0.031,11.67,2.296,11588019200,,91198877,5.35,,,-,,,,,1546214400,-,,,1,,,1569801600,459000000,1609372800,,2,3.0015523,,0.09093001,,99633200,,,-,,,,,,4.596,,
ARCUS,-0.12362301,0.18931425,,,-0.071,,23.367,,,0.062,13.539,1.548,4254364672,,24561294,3.34,,,-,,,,,1546214400,-,,,1,,,1569801600,135063008,1609372800,,2,1.5192364,,0.04913,,68013200,,,-,,,,,,1.902,,
DNB,0.0487144,0.18931425,,,0.826226,,145.608,,,0.068,,17.751,970213097472,,901404769,14.88,,,-,,,,,1546214400,-,,,1,,,1569801600,25838999552,1609372800,,2,1.0473325,,0.48754,,1573229952,,,-,,,,,,16.074,,
SSG,0.63278687,0.18931425,,,0.932567,,11.874,,,0.03,20.426,10.694,2730487552,,21577641,0.88,,,-,,,,,1546214400,-,,,1,,,1569801600,81585000,1609372800,,2,2.088597,,0.31954,,82617200,,,-,,,,,,1.165,,
AVANCE,1.9551902,0.18931425,,,1.606596,,5.489,,,,70.534,21.887,3665946880,,42011616,0.32,,,-,,,,,1546214400,-,,,1,,,1561852800,-17188000,1609372800,,2,9.4188385,,-0.10262,,63600000,,,-,,,,,,-0.275,,
FJORD,-0.1357466,0.18931425,,,0.896709,,22.66,,,-0.406,9.258,2.745,7528265216,,40166656,3.51,,,-,,,,,1546214400,-,,,1,,,1569801600,348492992,1609372800,,2,1.6195941,,0.12706,,99893200,,,-,,,,,,3.485,,
TEONE-ME,,,,,,,,,,,,,,,,,,,,,,,,,,,,,,,,,,,,,,,,,,,,,,,,,,,
FRO,0.9175824,0.18931425,,,0.799276,,7.163,,,,83.917,26.568,22186139648,,89874641,0.43,,,-,,,,,1546214400,2016-02-04,5/1,,1,,,1569801600,56531000,1609372800,,2,14.39341,,0.06769,,196894000,,,-,,,,,,0.331,,
SKUE,0.32539678,0.18931425,,,0.126307,,575.341,,,0.535,,3.754,929555968,,1365454,18.82,,,-,,,,,1546214400,-,,,1,,,1569801600,40531000,1609372800,,2,0.29026264,,0.42544997,,1900000,,,-,,,,,,21.346,,
ZENA-ME,-0.26111114,0.18931425,,,1.522364,,,,,,,,106019168,,303645520,,,,-,,,,,1553990400,-,,,1,,,1569801600,,1617148800,,4,,,-1.65454,,416544000,,,-,,,,,,,,
SBLK,Infinity,0.18931425,,,1.66779,,16.178,,,-0.777,53.895,14.301,11185481728,,41844202,,,,-,,,,,1546214400,-,,,1,,,1569801600,-27985000,1609372800,,2,6.21214,,-0.03578,,95709104,,,-,,,,,,-0.303,,
KAHOOT-ME,Infinity,0.18931425,,,,,3.202,,,,-112.352,256.299,6978215424,,44194592,,,,-,,,,,1546214400,-,,,1,,,,-55137776,1609372800,,2,18.394754,,-2.02512,,129359000,,,-,,,,,,-0.476,,
ODFB,-0.11034483,0.18931425,,,0.018503,,7.047,,,,26.348,3.688,3234459904,,22989844,,,,-,,,,,1546214400,2005-05-06,1/2,,1,,,1569801600,-74234000,1609372800,,2,3.6611323,,-0.08464,,18756200,,,-,,,,,,-0.942,,
KVAER,0.1023891,0.18931425,,,1.233306,,12.641,,,1.057,2.459,0.132,1074666624,,155490666,0.69,,,-,,,,,1546214400,-,,,1,,,1569801600,289000000,1609372800,,2,1.0323551,,0.03443,,267906000,,,-,,,,,,1.049,,
NEL,0.7446228,0.18931425,,,0.074818,,1.602,,,,-48.551,18.141,8654654464,,1118903520,-0.06,,,-,,,,,1546214400,2013-08-16,10/1,,1,,,1569801600,-230920992,1609372800,,2,4.6348314,,-0.48402,,1222099968,,,-,,,,,,-0.196,,
HELG,0.16197181,0.18931425,,,0.452936,,166.53,,,0.177,,24.485,13050240000,,11655923,10.32,,,-,,,,,1546214400,2010-04-06,1/2,,1,,,1569801600,128090000,1609372800,,2,0.48639885,,0.34146,,20861100,,,-,,,,,,6.1,,
AFK,-0.12837839,0.18931425,,,0.217216,,1387.583,,,-0.414,11.15,1.092,5318701056,,295418,,,,-,,,,,1546214400,2018-04-27,1/5,,1,,,1569801600,48413000,1609372800,,2,1.8593482,,0.00994,,2189420,,,-,,,,,,22.268,,
SPOL,0.11707318,0.18931425,,,0.489832,,135.354,,,0.136,,11.667,49174761472,,114416666,8.88,,,-,,,,,1546214400,-,,,1,,,1569801600,1382000000,1609372800,,2,0.6745275,,0.46382,,115830000,,,-,,,,,,11.354,,
NAVA,1.2541883,0.18931425,,,0.449718,,8.438,,,,-78.2,1.109,214491648,,2769518,,,,-,,,,,1546214400,-,,,1,,,1569801600,-1313225,1609372800,,2,2.1450582,,0.00736,,11867700,,,-,,,,,,0.131,,
AKERBP,0.06840384,0.18931425,,,1.209975,,6.792,,,,45.861,29.888,97077567488,,107413688,,,,-,,,,,1546214400,2009-12-23,1/1,,1,,,1569801600,93021000,1609372800,,2,38.383396,,0.02864,,360113984,,,-,,,,,,0.258,,
MGN,0.25,0.18931425,,,0.871279,,1.892,,,-0.985,,7.058,330293760,,24774239,,,,-,,,,,1546214400,2011-12-01,100/1,,1,,,1569801600,72500000,1609372800,,2,3.9640594,,1.54915,,52585800,,,-,,,,,,1.378,,
DOF,-0.6747848,0.18931425,,,2.21802,,5.291,,,,13.541,3.333,20405774336,,108876243,0.85,,,-,,,,,1546214400,2018-05-25,10/1,,1,,,1569801600,-2596999936,1609372800,,4,0.24607825,,-0.42414,,300888000,,,-,,,,,,-8.632,,
AKSO,-0.49586207,0.18931425,,,0.95012,,27.241,,,-0.404,7.897,0.468,13518900224,,141736500,2.33,,,-,,,,,1546214400,2007-03-30,5/1,,1,,,1569801600,357000000,1609372800,,2,0.78190964,,0.01237,,270851008,,,-,,,,,,1.317,,
EMGS,0.16666663,0.18931425,,,2.122284,,-0.016,,,,18.015,4.249,278620960,,54446720,-0.08,,,-,,,,,1546214400,2016-07-01,40/1,,1,,,1569801600,-10103000,1609372800,,4,,,-0.15408,,130970000,,,-,,,,,,-0.077,,
SPOG,0.014869928,0.18931425,,,0.10539,,195.835,,,-0.312,,35.659,23709521920,,16181310,5.06,,,-,,,,,1546214400,-,,,1,,,1569801600,91300000,1609372800,,2,0.27880612,,0.42578,,20731200,,,-,,,,,,4.4,,
STORM,-0.11500001,0.18931425,,,0.875301,,0.467,,,,-175.273,21.793,49251584,,5022360,0.09,,,-,,,,,1546214400,2019-07-10,10/1,,1,,,1561852800,9000,1609372800,,4,7.6659527,,0.00398,,8834560,,,-,,,,,,0.001,,
NKR,Infinity,0.18931425,,,-0.220434,,1.699,,,26.565,-8.632,-0.528,-112243344,,47238782,,,,-,,,,,1546214400,-,,,1,,,1569801600,-13343000,1609372800,,4,1.0300176,,0.5348,,105613000,,,-,,,,,,1.125,,
MORG,0.15217388,0.18931425,,,0.103781,,694.272,,,0.208,,20.358,30761154560,,7644131,30.98,,,-,,,,,1546214400,-,,,1,,,1569801600,321000000,1609372800,,2,0.45803377,,0.43812,,9861700,,,-,,,,,,32.558,,
MOWI,Infinity,0.18931425,,,-0.156878,,5.576,,,,,,119711219712,,439472032,15.74,,,-,,,,,1546214400,2014-01-21,10/1,,1,,,1569801600,,1609372800,,2,40.853657,,0.10637999,,517111008,,,-,,,,,,0.932,,
AASB-ME,0.10810816,0.18931425,,,0.220647,,,,,0.063,,,,,,,,,-,,,,,1546214400,-,,,1,,,1569801600,41275000,1609372800,,2,,,0.40016997,,1013910,,,-,,,,,,,,
INC,0.30645156,0.18931425,,,1.057119,,0.252,,,,-9.977,0.363,148669632,,39933298,,,,-,,,,,1546214400,2015-07-14,10/1,,1,,,1569801600,27022000,1609372800,,4,3.1349206,,-0.16052,,107511000,,,-,,,,,,-0.604,,
BGBIO,-0.35251796,0.18931425,,,0.898617,,4.526,,,,-4.615,81.944,902775040,,33387518,-3.85,,,-,,,,,1546214400,-,,,1,,,1569801600,-192764992,1609372800,,2,3.9814405,,0,,61076600,,,-,,,,,,-3.499,,
SAGA,0.06862748,0.18931425,,,0.149637,,1.162,,,,24.752,7.489,238834816,,27306973,,,,-,,,,,1546214400,-,,,1,,,1569801600,-74573000,1609372800,,4,0.9552496,,-2.33837,,266150000,,,-,,,,,,-0.283,,
NHY,-0.2004494,0.18931425,,,0.693483,,39.197,,,,10.121,0.553,84435517440,,1338163200,3.72,,,-,,,,,1546214400,2006-05-10,1/5,,1,,,1569801600,-2028000000,1609372800,,2,0.80592906,,-0.01328,,2048000000,,,-,,,,,,-0.991,,
SRBANK,0.06956518,0.18931425,,,0.480289,,92.486,,,-0.065,,22.399,139835506688,,174255643,,,,-,,,,,1546214400,2007-10-29,1/2,,1,,,1569801600,3140000000,1609372800,,2,1.057998,,0.50713,,255660000,,,-,,,,,,12.346,,
CARA,Infinity,0.18931425,,,0.223652,,2.115,,,3.717,41.415,9.409,410592512,,13241402,,,,-,,,,,1546214400,2019-05-23,4/1,,1,,,1569801600,608000,1609372800,,2,4.6524825,,0.01393,,40633800,,,-,,,,,,0.015,,
ARCHER,-0.45179582,0.18931425,,,3.061142,,0.656,,,,11.052,1.266,1062093632,,103891411,0.06,,,-,,,,,1546214400,2015-09-28,10/1,,1,,,1569801600,-108500000,1609372800,,4,4.603658,,-0.12929,,148032000,,,-,,,,,,-0.74,,
LAVO-ME,-0.80062497,0.18931425,,,,,,,,,,,,,,,,,-,,,,,,-,,,1,,,,,,,4,,,0,,151838000,,,-,,,,,,,,
NAPA,1.7643478,0.18931425,,,-0.687047,,0.397,,,,,,155094368,,15755800,,,,-,,,,,1546214400,2016-04-25,1/4,,1,,,1569801600,,1609372800,,4,12.342569,,-0.36110002,,83068200,,,-,,,,,,-0.862,,
GEOS-ME,Infinity,0.18931425,,,,,8.675,,,-0.979,62.51,6.187,412458464,,22989151,,,,-,,,,,1546214400,-,,,1,,,1561852800,-18102084,1609372800,,4,0.4034582,,-0.27154,,35415900,,,-,,,,,,-0.618,,
JPK-ME,,,,,,,,,,,,,,,,,,,,,,,,,,,,,,,,,,,,,,,,,,,,,,,,,,,
SOGN,0.049999952,0.18931425,,,-0.081255,,1411.696,,,3.58,,-5.566,-742293504,,382017,,,,-,,,,,1546214400,-,,,1,,,1569801600,4659000,1609372800,,2,0.07437862,,0.26904,,632500,,,-,,,,,,7.366,,
FIVEPG,-0.70703125,0.18931425,,,1.337795,,0.174,,,,,,17868056,,27148061,,,,-,,,,,1546214400,2017-11-29,5/1,,1,,,1561852800,,1609372800,,4,1.9885057,,0,,51057200,,,-,,,,,,-0.118,,
ABT,0.03875971,0.18931425,,,1.045052,,1.923,,,,-1.54,20.632,26571772,,4363739,-0.54,,,-,,,,,1546214400,2011-06-27,20/1,,1,,,1561852800,-18216404,1609372800,,4,1.372855,,0,,6956810,,,-,,,,,,-1.941,,
QEC,-0.34756756,0.18931425,,,2.032307,,0.332,,,,,,513916320,,411642255,0.16,,,-,,,,,1546214400,-,,,1,,,1569801600,,1609372800,,4,3.6445785,,0.45273,,427907008,,,-,,,,,,-0.038,,
MELG,0.20338988,0.18931425,,,0.060337,,383.594,,,0.051,,9.126,1924643968,,1677534,,,,-,,,,,1546214400,-,,,1,,,1569801600,36858000,1609372800,,2,0.37018305,,0.42343,,2776220,,,-,,,,,,12.639,,
HAFNIA,Infinity,0.18931425,,,,,2.922,,,,154.944,27.523,10139381760,,,,,,-,,,,,1546214400,-,,,1,,,1569801600,-19781000,1609372800,,2,8.896304,,-0.0537,,,,,-,,,,,,-0.161,,
PSE,-0.24598932,0.18931425,,,-0.090104,,0.714,,,,13.023,3.113,183774688,,283251,,,,-,,,,,1546214400,2012-10-24,11/1,,1,,,1561852800,5349000,1609372800,,4,3.9495797,,0.09061,,59133800,,,-,,,,,,0.09,,
PEN,0.58565736,0.18931425,,,1.330651,,0.855,,,,48.331,30.272,1249489792,,49744206,-0.05,,,-,,,,,1546214400,2016-05-30,10/1,,1,,,1569801600,5661000,1609372800,,2,22.947369,,0.13368,,68799904,,,-,,,,,,0.091,,
FKRAFT,0.62235653,0.18931425,,,,,8.497,,,0.303,11.274,0.698,5060633600,,69859900,,,,-,,,,,1546214400,-,,,1,,,1569801600,315863008,1609372800,,2,6.4140286,,0.04354,,104496000,,,-,,,,,,2.986,,
KOMP,-0.061194003,0.18931425,,,0.823293,,10.19,,,0.072,,1.427,1232395264,,93368537,2.63,,,-,,,,,1546214400,-,,,1,,,1569801600,312453056,1609372800,,2,1.2286557,,0.36507,,183847008,,,-,,,,,,1.659,,
ODF,-0.11986303,0.18931425,,,0.018503,,7.047,,,,26.284,3.679,3226589952,,22989844,-0.2,,,-,,,,,1546214400,2005-05-06,1/2,,1,,,1569801600,-74234000,1609372800,,2,3.6611323,,-0.08464,,60020300,,,-,,,,,,-0.942,,
RISH,0.03571427,0.18931425,,,0.594529,,21.008,,,,20.374,7.415,1694016896,,5049248,,,,-,,,,,1546214400,2007-04-13,1/10,,1,,,1569801600,276171008,1609372800,,2,0.41412795,,1.2089,,86032496,,,-,,,,,,3.461,,
GOGL,-0.14500004,0.18931425,,,1.96331,,10.425,,,0.04,40.304,13.158,8443292160,,93855631,,,,-,,,,,1546214400,2016-08-01,5/1,,1,,,1569801600,19734000,1609372800,,2,4.759712,,0.03075,,143278000,,,-,,,,,,0.138,,
FLNG,-0.38450706,0.18931425,,,0.110521,,15.168,,,-0.603,77.24,51.027,5310629888,,29379883,0.14,,,-,,,,,1546214400,2019-03-11,10/1,,1,,,1569801600,8349000,1609372800,,2,5.6698313,,0.08022001,,54110600,,,-,,,,,,0.15,,
MEDI,1.8773587,0.18931425,,,-0.148833,,12.268,,,0.516,31.968,9.159,3325555712,,10573352,2.64,,,-,,,,,1546214400,-,,,1,,,1569801600,78710000,1609372800,,2,14.916858,,0.21677999,,18040500,,,-,,,,,,4.328,,
BWLPG,1.4620461,0.18931425,,,1.191472,,7.526,,,,49.443,16.741,11896975360,,75043507,0.21,,,-,,,,,1546214400,-,,,1,,,1569801600,86150000,1609372800,,2,10.0916815,,0.12123,,138618000,,,-,,,,,,0.606,,
TIETOO,Infinity,0.18931425,,,0.459372,,,,,-0.339,,,17804032000,,61959212,,,,-,,,,,1546214400,-,,,1,,,1569801600,,1609372800,,2,,,0.0636,,118254000,,,-,,,,,,,,
IOX,-0.44444448,0.18931425,,,1.930008,,-0.112,,,,38.119,10.326,175194000,,62116215,0.01,,,-,,,,,1546214400,2015-07-06,10/1,,1,,,1569801600,-9930000,1609372800,,4,,,-0.58529,,96874496,,,-,,,,,,-0.101,,
DDASA,,,,,,,,,,,,,,,,,,,,,,,,,,,,,,,,,,,,,,,,,,,,,,,,,,,
EQNR,-0.14427233,0.18931425,,,0.790828,,12.311,,,,24.427,8.339,581513248768,,1053695080,2.23,,,-,,,,,1546214400,2006-05-10,1/5,,1,,,1569801600,5445000192,1609372800,,2,13.686947,,0.07808,,3308169984,,,-,,,,,,1.635,,
SNI,0.09073365,0.18931425,,,0.955752,,22.504,,,0.225,23.499,4.396,9081071616,,26005865,1.5,,,-,,,,,1543536000,-,,,1,,,1567209600,18692000,1606694400,,2,5.0302167,,0.00908,,60523800,,,-,,,,,,0.308,,
JIN,-0.27294117,0.18931425,,,0.741753,,2.261,,,,50.744,11.498,702353984,,41890971,0.21,,,-,,,,,1546214400,-,,,1,,,1569801600,-4230000,1609372800,,2,2.7244582,,-0.06925,,109259000,,,-,,,,,,-0.039,,
KIT,0.13853312,0.18931425,,,1.214802,,4.036,,,0.129,9.744,0.794,2500387328,,167920083,0.76,,,-,,,,,1546214400,-,,,1,,,1569801600,126180000,1609372800,,2,2.3562934,,0.04007,,179104000,,,-,,,,,,0.699,,
NOR,0.021739125,0.18931425,,,-0.189863,,22.771,,,,108.94,40.175,6539018240,,6489777,17.14,,,-,,,,,1546214400,2015-05-15,100/1,,1,,,1569801600,160256704,1609372800,,2,10.298186,,0.98460996,,24549000,,,-,,,,,,6.373,,
TRE,0.2606635,0.18931425,,,0.861313,,2.909,,,,,215.317,2935854080,,55660968,,,,-,,,,,1546214400,-,,,1,,,1561852800,171296000,1609372800,,2,4.572018,,12.562961,,217335008,,,-,,,,,,0.783,,
LSTSB-ME,Infinity,0.18931425,,,,,877.957,,,0.245,,15.153,2751229952,,524910,,,,-,,,,,1546214400,-,,,1,,,1569801600,90434000,1609372800,,2,0.13554195,,0.49807,,1000000,,,-,,,,,,90.434,,
IDEX,-0.66459626,0.18931425,,,1.91794,,0.25,,,,-2.32,168.68,579920384,,300608936,-0.27,,,-,,,,,1546214400,2010-03-10,3/1,,1,,,1569801600,-262911008,1609372800,,4,4.296,,0,,653414016,,,-,,,,,,-0.46,,
SDSD,0.13761461,0.18931425,,,0.555108,,0.207,,,,,62.593,699096512,,319682909,0.02,,,-,,,,,1546214400,2017-05-05,3/1,,1,,,1569801600,9672000,1609372800,,4,6.0144925,,0.86597,,576025984,,,-,,,,,,0.017,,
HYARD,-0.68295217,0.18931425,,,-0.243765,,6.653,,,,-5.464,0.316,921256448,,7737999,,,,-,,,,,1546214400,-,,,1,,,1561852800,-215399008,1609372800,,4,0.47196755,,-0.07383,,24726000,,,-,,,,,,-8.68,,
EPIC-ME,Infinity,0.18931425,,,0.24296,,2.773,,,,49.729,11.072,1853080064,,47816496,,473.33334,,-,,,,,1546214400,-,,,1,,,1569801600,-3849294,1609372800,,2,5.1208076,,-0.023,,106600000,,,-,,,,,,-0.036,,
AUSS,-0.16666669,0.18931425,,,-0.384553,,58.968,,,,11.689,1.516,34826407936,,85353419,11.99,,,-,,,,,1546214400,-,,,1,,,1569801600,1153472000,1609372800,,2,1.5533849,,0.050219998,,201824000,,,-,,,,,,5.713,,
VISTIN,0.3079896,0.18931425,,,0.625984,,9.203,,,,14.418,0.697,147741616,,22393576,1.17,,,-,,,,,1546214400,-,,,1,,,1569801600,3623000,1609372800,,2,1.0779094,,-0.00909,,44344600,,,-,,,,,,-0.043,,
BOR,-0.27106225,0.18931425,,,0.86082,,56.58,,,0.335,16.447,1.319,1154243968,,4395744,-4.23,,,-,,,,,1546214400,-,,,1,,,1569801600,5430000,1609372800,,2,0.35171437,,0.0062,,9601220,,,-,,,,,,0.904,,
JAEREN,0.051470637,0.18931425,,,0.228639,,360.011,,,0.341,,10.367,3493533184,,1005685,14.04,,,-,,,,,1546214400,-,,,1,,,1569801600,74823000,1609372800,,2,0.3972101,,0.41518003,,4932110,,,-,,,,,,14.922,,
OKEA,Infinity,0.18931425,,,,,16.487,,,,1.843,1.1,2748276992,,24065586,,,,-,,,,,1546214400,-,,,1,,,1569801600,-125510000,1609372800,,2,1.023837,,-0.048210002,,102064000,,,-,,,,,,-1.532,,
PCIB,1.4285715,0.18931425,,,-0.543845,,7.485,,,,-29.011,219.684,2251098624,,26608218,-2.92,,,-,,,,,1546214400,-,,,1,,,1569801600,-68133000,1609372800,,2,9.338677,,0,,37265900,,,-,,,,,,-1.843,,
ASA-ME,0.8239436,0.18931425,,,0.560698,,3.032,,,,-1134.014,3635.674,9176441856,,40703642,,,,-,,,,,1546214400,-,,,1,,,1561852800,-14807000,1609372800,,2,42.711082,,0,,71276096,,,-,,,,,,-0.234,,
AKVA,0.060171843,0.18931425,,,0.046661,,32.93,,,0.486,11.293,1.126,3543555072,,7912117,5.73,,,-,,,,,1546214400,-,,,1,,,1569801600,118348000,1609372800,,2,2.2289705,,0.0376,,33334300,,,-,,,,,,3.56,,
BIOTEC,0.19000006,0.18931425,,,0.279163,,0.949,,,,-26.256,2.81,225697040,,31360503,-0.04,,,-,,,,,1546214400,-,,,1,,,1569801600,-9279000,1609372800,,4,5.216017,,-0.11554,,48334700,,,-,,,,,,-0.209,,
MSEIS,-0.7447674,0.18931425,,,0.337892,,1.242,,,,18.011,1.734,799948224,,126082656,0.42,,,-,,,,,1546214400,-,,,1,,,1569801600,-107574000,1609372800,,4,3.5346215,,-0.23313,,185167008,,,-,,,,,,-0.665,,
SBX,-0.5874404,0.18931425,,,3.015285,,0.109,,,,-118.658,6.401,283591840,,418544894,-0.01,,,-,,,,,1546214400,2018-08-28,10/1,,1,,,1569801600,-15699000,1609372800,,4,4.642202,,-0.35437,,538931008,,,-,,,,,,-0.041,,
ATLA NOK,,,,,,,,,,,,,,,,,,,,,,,,,,,,,,,,,,,,,,,,,,,,,,,,,,,
QFR,-0.19921869,0.18931425,,,0.987932,,4.511,,,,13.384,0.855,819194432,,45371381,0.65,,,-,,,,,1546214400,-,,,1,,,1569801600,-5638000,1609372800,,2,1.35225,,-0.00588,,89223400,,,-,,,,,,-0.065,,
NATTO,-0.04651171,0.18931425,,,0.814963,,6.174,,,,19.526,1.26,150562880,,6606536,-0.07,,,-,,,,,1546214400,2011-11-03,100/1,,1,,,1569801600,4654000,1609372800,,2,1.3200518,,0.03894,,18172800,,,-,,,,,,0.23,,
AMSC,-0.04545456,0.18931425,,,0.317779,,2.739,,,0.208,28.737,27.729,2434619904,,44908344,0.37,,,-,,,,,1546214400,-,,,1,,,1569801600,4791000,1609372800,,2,11.555311,,0.054569997,,60616500,,,-,,,,,,0.079,,
ZWIPE-ME,Infinity,0.18931425,,,,,5.02,,,,-0.468,17.85,34754360,,9136289,,,,-,,,,,1546214400,-,,,1,,,1561852800,-78317000,1609372800,,2,1.304781,,0,,15946200,,,-,,,,,,-4.911,,
TECH,-0.07499999,0.18931425,,,-0.826353,,2.708,,,,38.235,0.46,512304896,,27815557,,,,-,,,,,1546214400,2016-03-11,10/1,,1,,,1569801600,-64878000,1609372800,,4,1.0893649,,-0.0582,,159055008,,,-,,,,,,-0.394,,
PPG PREF,,,,,,,,,,,,,,,,,,,,,,,,,,,,,,,,,,,,,,,,,,,,,,,,,,,
ADE,Infinity,0.18931425,,,,,,,,0.555,,,66684379136,,219479473,,,,-,,,,,1546214400,-,,,1,,,1569801600,,1609372800,,2,,,0.04859,,684947968,,,-,,,,,,,,
BDRILL,-0.49166667,0.18931425,,,1.699,,12.188,,,,-200.148,28.117,8286119424,,72494041,-0.14,,,-,,,,,1546214400,2019-06-26,5/1,,1,,,1569801600,-347800000,1609372800,,2,5.11979,,-1.18018,,110818000,,,-,,,,,,-3.264,,
HEX,0.38260865,0.18931425,,,0.450522,,11.922,,,0.704,31.53,2.485,7210221568,,91248972,0.88,,,-,,,,,1546214400,-,,,1,,,1569801600,119872000,1609372800,,2,2.6379802,,0.04132,,181316000,,,-,,,,,,0.7,,
RAKP,-0.0840708,0.18931425,,,0.850362,,2.94,,,0.758,6.077,4.325,4366928896,,85089123,,,,-,,,,,1546214400,-,,,1,,,1561852800,184500000,1609372800,,2,3.5204082,,0.18273,,178598000,,,-,,,,,,0.593,,
POL,0.52671754,0.18931425,,,0.139983,,47.868,,,8.854,28.269,1.065,2147482752,,10751434,,,,-,,,,,1546214400,-,,,1,,,1569801600,173060992,1609372800,,2,0.84816575,,0.0858,,48763400,,,-,,,,,,3.359,,
HBC,2.8132298,0.18931425,,,0.687047,,0.448,,,,-69.713,45.725,3251483904,,129293615,,,,-,,,,,1546214400,-,,,1,,,1569801600,-79228000,1609372800,,2,21.651785,,-1.11418,,325815008,,,-,,,,,,-0.27,,
BON,1.054054,0.18931425,,,0.409493,,140.915,,,,6.72,1.497,11667659776,,19787538,,,,-,,,,,1546214400,2006-06-01,1/4,,1,,,1569801600,-120820000,1609372800,,2,1.3518789,,0.00765,,42531900,,,-,,,,,,1.403,,
NEXT,-0.88841397,0.18931425,,,2.507642,,4.336,,,,-0.102,0.136,14234534,,33598756,-6.1,,,-,,,,,1546214400,-,,,1,,,1569801600,-155683008,1609372800,,4,0.7022602,,-1.49009,,42930600,,,-,,,,,,-4.612,,
TOM,0.3843137,0.18931425,,,0.562349,,33.625,,,-0.038,24.173,4.838,44723023872,,108355112,5.73,,,-,,,,,1546214400,2000-11-22,1/2,,1,,,1569801600,788899968,1609372800,,2,8.339033,,0.08534,,147520000,,,-,,,,,,5.34,,
COV,0.64383554,0.18931425,,,0.504424,,0.808,,,8.632,,,742728000,,2063546,0.26,,,-,,,,,1546214400,-,,,1,,,1569801600,,1609372800,,2,119.43069,,0.14269,,7736750,,,-,,,,,,-0.033,,
PLCS,0.053191423,0.18931425,,,1.742558,,0.17,,,,13.547,2.997,916215616,,322930363,-0.01,,,-,,,,,1546214400,2017-05-19,10/1,,1,,,1569801600,-9108000,1609372800,,4,6.9764705,,-0.029790001,,513787008,,,-,,,,,,-0.018,,
HAVI,-0.1424731,0.18931425,,,1.440868,,-40.465,,,,18.311,6.25,4317725184,,9552129,-2,,,-,,,,,1546214400,2018-01-04,100/1,,1,,,1569801600,-1084418944,1609372800,,4,,,-1.5698301,,23776300,,,-,,,,,,-45.601,,
TOTG,0.13223135,0.18931425,,,0.203539,,307.609,,,0.108,,9.562,3921736192,,3870583,14.88,,,-,,,,,1546214400,2012-05-02,240/340,,1,,,1569801600,101261000,1609372800,,2,0.44537058,,0.4621,,6124530,,,-,,,,,,16.121,,
XXL,-0.6149204,0.18931425,,,1.21802,,27.688,,,-0.686,15.723,0.759,7012540416,,73881237,3.04,,,-,,,,,1546214400,2014-09-30,4/1,,1,,,1569801600,106000000,1609372800,,2,0.55475295,,0.011469999,,165763008,,,-,,,,,,0.773,,
SBVG,0.109510064,0.18931425,,,0.393403,,81.579,,,-0.119,,8.378,10055190528,,56984308,4.12,,,-,,,,,1546214400,2011-11-07,5/6,,1,,,1569801600,289670016,1609372800,,2,0.46948355,,0.42745999,,63101400,,,-,,,,,,4.591,,
SOR,0.08786607,0.18931425,,,-0.230088,,798.913,,,0.518,,23.057,53307510784,,6502933,10.48,,,-,,,,,1546214400,-,,,1,,,1569801600,170000000,1609372800,,2,0.13017687,,0.4481,,15663900,,,-,,,,,,10.829,,
VVL,0.14179099,0.18931425,,,0.171359,,268.474,,,-0.01,,12.488,1317921920,,1692726,18.25,,,-,,,,,1546214400,2014-05-13,1/20,,1,,,1569801600,43355000,1609372800,,2,0.57361233,,0.41081002,,2203960,,,-,,,,,,22.81,,
BSP-ME,-0.67157626,0.18931425,,,-11.622469,,11.848,,,,,,108733872,,2090193,,,,-,,,,,1546214400,2019-07-31,25/1,,1,,,1561852800,-5917000,1609372800,,2,0.5486158,,0,,9180540,,,-,,,,,,-2.682,,
NANO,-0.55575114,0.18931425,,,-0.072405,,5.394,,,,-3.017,,1191868544,,44055891,-7.96,,,-,,,,,1546214400,-,,,1,,,1569801600,-384472000,1609372800,,2,5.2206154,,0,,66143400,,,-,,,,,,-7.253,,
WWI,-0.07288998,0.18931425,,,1.197908,,40.061,,,,69.932,8.867,7412756992,,22552261,2.77,,,-,,,,,1546214400,2004-10-14,1/2,,1,,,1569801600,70000000,1609372800,,2,3.6069992,,0.083730005,,34000000,,,-,,,,,,1.508,,
NOD,0.79401994,0.18931425,,,1.370876,,1.285,,,-0.198,885.831,35.289,9400433664,,169113787,0.08,,,-,,,,,1546214400,2010-06-15,1/5,,1,,,1569801600,314000,1609372800,,2,41.867706,,0.00118,,175662000,,,-,,,,,,0.002,,
BOUVET,0.6933962,0.18931425,,,0.339501,,25.959,,,0.669,15.472,1.814,3771593216,,7555363,13.84,,,-,,,,,1546214400,-,,,1,,,1569801600,179084000,1609372800,,2,13.8295,,0.08614001,,10186000,,,-,,,,,,17.352,,
SAS NOK,,,,,,,,,,,,,,,,,,,,,,,,,,,,,,,,,,,,,,,,,,,,,,,,,,,
AGS,-0.9516234,0.18931425,,,,,7.83,,,,,,100955168,,,,,,-,,,,,,2019-07-03,50/1,,1,,,1569801600,,,,4,0.5006386,,0,,58821000,,,-,,,,,,,,
ATEA,0.19190133,0.18931425,,,0.297666,,25.71,,,0.467,16.088,0.447,16361925632,,81851525,6.93,,,-,,,,,1546214400,2006-06-02,10/1,,1,,,1569801600,516000000,1609372800,,2,5.235317,,0.014090001,,109701000,,,-,,,,,,4.684,,
ASC,-0.17777777,0.18931425,,,0.778761,,1.442,,,0.45,,1.273,1411580288,,366679373,0.43,,,-,,,,,1546214400,-,,,1,,,1569801600,152487008,1609372800,,4,2.6352289,,0.13757,,456524000,,,-,,,,,,0.305,,
DNO,-0.2718618,0.18931425,,,0.778761,,1.108,,,,16.135,10.468,11153823744,,586248236,0.33,,,-,,,,,1546214400,2006-06-16,1/4,,1,,,1569801600,252900000,1609372800,,2,9.219314,,0.23735,,997814016,,,-,,,,,,0.24,,
KID,0.2625699,0.18931425,,,0.070566,,25.64,,,-0.291,12.033,1.714,3248228096,,22472100,3.77,,,-,,,,,1546214400,-,,,1,,,1569801600,151774000,1609372800,,2,1.7628706,,0.08009,,40600000,,,-,,,,,,3.734,,
ASETEK,-0.3862434,0.18931425,,,0.272727,,1.534,,,,361.323,13.057,720478016,,21963520,0.3,94.833336,,-,,,,,1546214400,-,,,1,,,1569801600,1319000,1609372800,203.53,2,18.546284,,0.0239,,25600000,,,-,,,,,,0.05,,
LSG,-0.10254133,0.18931425,,,-0.288012,,26.988,,,,18.35,2.004,41138618368,,281511241,6.14,,,-,,,,,1546214400,2017-05-24,1/10,,1,,,1569801600,1434201984,1609372800,,2,2.2261746,,0.06987,,595475968,,,-,,,,,,2.407,,
GSF,0.32750702,0.18931425,,,-0.116653,,34.489,,,,18.634,2.251,18114060288,,45033708,10.91,,,-,,,,,1546214400,-,,,1,,,1569801600,492520000,1609372800,,2,4.0795617,,0.06122,,110434000,,,-,,,,,,4.453,,
ORK,0.31107914,0.18931425,,,0.091713,,33.427,,,-0.094,15.624,2.344,99822870528,,497183445,3.88,,,-,,,,,1546214400,2007-04-20,1/5,,1,,,1569801600,3300999936,1609372800,,2,2.6990159,,0.07752,,1000310016,,,-,,,,,,3.299,,
ENTRA,0.24781847,0.18931425,,,0.316975,,118.793,,,0.331,20.789,18.231,46816325632,,126304938,7.24,,,-,,,,,1546214400,-,,,1,,,1569801600,2752999936,1609372800,,2,1.1953566,,1.0720401,,182108992,,,-,,,,,,15.115,,
TEAM,-0.081967235,0.18931425,,,0.103614,,1.675,,,,61.379,3.889,1294598528,,56665227,-0.28,,,-,,,,,1546214400,-,,,1,,,1569801600,-76815000,1609372800,,2,3.3432837,,-0.23075001,,203788000,,,-,,,,,,-0.379,,
EPR,0.43839288,0.18931425,,,0.688976,,10.224,,,0.399,13.78,1.486,9173505024,,158252428,2.59,,,-,,,,,1546214400,-,,,1,,,1569801600,387220992,1609372800,,2,3.1611893,,0.06272,,161468992,,,-,,,,,,2.398,,
MULTI,0.12179482,0.18931425,,,0.326482,,21.938,,,,19.957,0.871,3001340928,,19337890,5.33,,,-,,,,,1546214400,-,,,1,,,1569801600,46637000,1609372800,,2,3.1908104,,0.01354,,26970400,,,-,,,,,,1.729,,
SCHB,0.22986841,0.18931425,,,0.407079,,45.281,,,-0.288,21.461,3.641,68137922560,,167957918,,,,-,,,,,1546214400,-,,,1,,,1569801600,647000000,1609372800,,2,5.348822,,0.03457,,129586000,,,-,,,,,,2.718,,
EMAS,,,,,,,,,,,,,,,,,,,,,,,,,,,,,,,,,,,,,,,,,,,,,,,,,,,
SALM,-0.026349902,0.18931425,,,-0.31617,,73.818,,,-0.78,12.95,4.521,54850838528,,105157299,28.73,,,-,,,,,1546214400,-,,,1,,,1569801600,2986612992,1609372800,,2,6.0676255,,0.24618,,112922000,,,-,,,,,,26.429,,
ENDUR,0.008403301,0.18931425,,,,,1.341,,,,-4.373,0.807,180507952,,,,,,-,,,,,1514678400,-,,,1,,,1569801600,-71628000,1577750400,,4,0.9060403,,-0.32004002,,213091008,,,-,,,,,,-0.762,,
STB,0.06363058,0.18931425,,,0.795655,,69.894,,,-0.124,16.788,0.838,55619981312,,451068671,5.68,,,-,,,,,1546214400,-,,,1,,,1569801600,3251000064,1609372800,,2,0.9414257,,0.04917,,466871008,,,-,,,,,,6.962,,
GYL,0.06593406,0.18931425,,,-0.026548,,302.201,,,,9.903,0.678,1353219840,,151232,,,,-,,,,,1546214400,-,,,1,,,1561852800,51215000,1609372800,,2,1.2839137,,0.02564,,2307130,,,-,,,,,,22.198,,
YAR,-0.012456596,0.18931425,,,0.826226,,31.171,,,-0.245,57.715,7.39,97943191552,,172776821,3.07,,,-,,,,,1546214400,-,,,1,,,1569801600,556000000,1609372800,,2,10.89795,,0.041950002,,271040992,,,-,,,,,,2.039,,
EAM,-0.6219512,0.18931425,,,-0.098954,,2.096,,,4.336,,,84967408,,4395556,,,,-,,,,,1546214400,-,,,1,,,1569801600,,1609372800,,2,5.3673663,,-0.0078,,6852210,,,-,,,,,,-0.152,,
EIOF,-0.020080328,0.18931425,,,0.656476,,21.423,,,,12.346,3.894,2435043072,,12933415,-4.58,,,-,,,,,1546214400,-,,,1,,,1569801600,-134814000,1609372800,,4,0.23339401,,-0.2156,,62150000,,,-,,,,,,-2.173,,
GENT-ME,Infinity,0.18931425,,,-0.366,,13.926,,,,-18.876,13.304,586314944,,5818734,,,,-,,,,,1546214400,-,,,1,,,1569801600,-45828352,1609372800,,2,3.374982,,-1.03986,,15402700,,,-,,,,,,-2.977,,
ODL,0.09803927,0.18931425,,,1.059533,,4.391,,,1.446,26.944,10.403,8011834368,,92641428,0.14,,,-,,,,,1546214400,-,,,1,,,1569801600,41315000,1609372800,,2,6.1079483,,0.06365,,236783008,,,-,,,,,,0.166,,
SDRL,-0.8916821,0.18931425,,,,,18.559,,,,19.812,6.234,7013620224,,59858525,-6.6,,,-,,,,,1546214400,-,,,1,,,1569801600,-1382000000,1609372800,,2,0.6503583,,-1.22844,,100224000,,,-,,,,,,-13.897,,
BWO,0.70738626,0.18931425,,,2.00724,,5.672,,,-0.575,18.348,11.298,12483800064,,88703800,,,,-,,,,,1546214400,2016-12-02,50/1,,1,,,1569801600,82800000,1609372800,,2,10.446051,,0.07493,,184998000,,,-,,,,,,0.447,,
AEGA,0.21693122,0.18931425,,,-0.570394,,0.165,,,24.748,,,55632340,,26072701,,,,-,,,,,1546214400,-,,,1,,,1569801600,,1609372800,,4,6.8484845,,0.41834998,,48184600,,,-,,,,,,-0.058,,
ZAL,-0.07063198,0.18931425,,,0.868061,,4.768,,,,20.645,1.158,885729024,,12393192,1.19,,,-,,,,,1546214400,-,,,1,,,1569801600,-7926000,1609372800,,2,5.2432885,,-0.01036,,19623000,,,-,,,,,,-0.347,,
THIN,-0.85625,0.18931425,,,1.747385,,0.452,,,,-3.608,165.275,147756240,,56151986,-0.05,,,-,,,,,1546214400,2019-11-01,20/1,,1,,,1569801600,-62960000,1609372800,,4,5.154867,,0,,58593600,,,-,,,,,,-1.2,,
OTELLO,0.45869946,0.18931425,,,0.034593,,2.485,,,,-457.5,9.623,2287500032,,78098340,-0.05,,,-,,,,,1546214400,-,,,1,,,1569801600,-93600000,1609372800,,2,6.6559362,,-0.39376998,,137914000,,,-,,,,,,-0.676,,
AFG,0.27611935,0.18931425,,,0.250201,,18.257,,,0.059,14.692,0.855,18614646784,,38152450,8.39,,,-,,,,,1546214400,2010-01-18,1/5,,1,,,1569801600,899000000,1609372800,,2,9.475818,,0.04131,,102575000,,,-,,,,,,8.995,,
GIG,2.2128513,0.18931425,,,0.916996,,1.355,,,,,,730845696,,35513520,0.1,,,-,,,,,1546214400,2018-12-19,10/1,,1,,,1569801600,,1609372800,,2,5.7269373,,-0.25417998,,90005600,,,-,,,,,,-0.08,,
INSR,-0.19103765,0.18931425,,,0.232502,,2.088,,,,-7.3,0.248,207276512,,125708072,0.66,,,-,,,,,1546214400,2016-10-19,10/1,,1,,,1569801600,-57113000,1609372800,,2,3.208812,,-0.10568,,148167008,,,-,,,,,,-0.662,,
AXA,-0.16420847,0.18931425,,,2.734513,,1.968,,,2.521,,,2641722880,,85809375,0.25,,,-,,,,,1546214400,2018-05-31,10/1,,1,,,1569801600,,1609372800,,2,8.587398,,0.05566,,155395008,,,-,,,,,,-0.004,,
HLNG,-0.24019605,0.18931425,,,1.00724,,5.167,,,,20.583,11.954,4354750464,,36275403,0.45,,,-,,,,,1546214400,-,,,1,,,1569801600,10910000,1609372800,,2,5.960906,,0.029949998,,76204000,,,-,,,,,,0.135,,
AQUA,-0.089999974,0.18931425,,,0.77152,,0.604,,,,257.562,3.107,142431520,,14970961,0.14,,,-,,,,,1546214400,2016-07-13,1/25,,1,,,1569801600,11301000,1609372800,,4,6.1920533,,0.24655001,,70416400,,,-,,,,,,0.057,,
NAS,-0.6507656,0.18931425,,,0.948511,,38.345,,,0.284,654.15,1.486,65742123008,,95897032,,,,-,,,,,1546214400,-,,,1,,,1569801600,-2752399872,1609372800,,2,0.9659669,,-0.06222,,163558000,,,-,,,,,,-26.876,,
SCHA,0.17828715,0.18931425,,,0.407079,,45.281,,,-0.288,22.605,3.835,71771840512,,167957918,8.56,,,-,,,,,1546214400,-,,,1,,,1569801600,647000000,1609372800,,2,5.6889205,,0.03457,,105220000,,,-,,,,,,2.718,,
BRA-ME,-0.9608333,0.18931425,,,1.116582,,1.69,,,,,1.093,222324896,,345199109,,,,-,,,,,1546214400,-,,,1,,,1569801600,6903000,1609372800,,4,0.4260355,,0.033940002,,495919008,,,-,,,,,,0.014,,
MING,0.13563228,0.18931425,,,0.581657,,144.75,,,-0.002,,6.207,36601155584,,131172446,9.67,,,-,,,,,1546214400,2009-03-27,5/6,,1,,,1569801600,1620000000,1609372800,,2,0.6756477,,0.43547,,129808000,,,-,,,,,,12.505,,
VEI,0.19452894,0.18931425,,,0.228479,,28.885,,,-0.149,11.379,0.543,20640643072,,86003857,8.04,,,-,,,,,1546214400,2007-05-09,1/5,,1,,,1569801600,969000000,1609372800,,2,4.081703,,0.025510002,,133705000,,,-,,,,,,7.218,,
TYSB-ME,0.064677,0.18931425,,,,,237.484,,,0.136,,9.564,656046272,,271163,,,,-,,,,,1546214400,-,,,1,,,1561852800,26194000,1609372800,,2,0.5179296,,0.38188,,1514180,,,-,,,,,,22.076,,
SBANK,-0.16894406,0.18931425,,,0.837511,,62.118,,,0.221,,17.699,28533528576,,78483769,7.29,,,-,,,,,1546214400,-,,,1,,,1569801600,686716992,1609372800,,2,1.0930809,,0.42597,,106869000,,,-,,,,,,6.426,,
SBTE,0.064566374,0.18931425,,,,,313.526,,,0,,10.03,7288632832,,10184879,,,,-,,,,,1546214400,-,,,1,,,1569801600,125360000,1609372800,,2,0.39231196,,0.42771998,,10898600,,,-,,,,,,15.338,,
NOM,-0.3138221,0.18931425,,,1.32502,,1.061,,,,-3.301,,249562992,,140184942,,,,-,,,,,1546214400,2016-12-08,6/1,,1,,,1569801600,18684000,1609372800,,4,1.7059377,,0,,168792000,,,-,,,,,,0.142,,
