ticker,52WeekChange,SandP52WeekChange,annualHoldingsTurnover,annualReportExpenseRatio,beta,beta3Year,bookValue,category,dateShortInterest,earningsQuarterlyGrowth,enterpriseToEbitda,enterpriseToRevenue,enterpriseValue,fiveYearAverageReturn,floatShares,forwardEps,forwardPE,fundFamily,fundInceptionDate,heldPercentInsiders,heldPercentInstitutions,lastCapGain,lastDividendValue,lastFiscalYearEnd,lastSplitDate,lastSplitFactor,legalType,maxAge,morningStarOverallRating,morningStarRiskRating,mostRecentQuarter,netIncomeToCommon,nextFiscalYearEnd,pegRatio,priceHint,priceToBook,priceToSalesTrailing12Months,profitMargins,revenueQuarterlyGrowth,sharesOutstanding,sharesPercentSharesOut,sharesShort,sharesShortPreviousMonthDate,sharesShortPriorMonth,shortPercentOfFloat,shortRatio,threeYearAverageReturn,totalAssets,trailingEps,yield,ytdReturn
2020,Infinity,0.25783992,,,,,,,,,,,,,,,,,-,,,,,,-,,,1,,,,,,,2,,,0,,22170900,,,-,,,,,,,,
GOD,0.38655448,0.25783992,,,0.956275,,10.501,,,,-4.996,0.313,176591168,,10068233,,,,-,,,,,1546214400,2012-05-07,1:10,,1,,,1569801600,-59852000,1609372800,,2,0.6380344,,-0.07706,,22614600,,,-,,,,,,-1.822,,
TRE,0.094697,0.25783992,,,0.843487,,2.909,,,,,230.492,3142764032,,55660968,,,,-,,,,,1546214400,-,,,1,,,1561852800,171296000,1609372800,,2,5.0360947,,12.562961,,217335008,,,-,,,,,,0.783,,
PSE,-0.089172065,0.25783992,,,-0.058299,,0.714,,,,12.52,2.993,176678624,,283251,,,,-,,,,,1546214400,2012-10-24,1:11,,1,,,1561852800,5349000,1609372800,,4,3.7535017,,0.09061,,59133800,,,-,,,,,,0.09,,
TOTG,0.16260159,0.25783992,,,0.214574,,307.609,,,0.108,,9.682,3970732544,,3870583,14.88,,,-,,,,,1546214400,2012-05-02,340:240,,1,,,1569801600,101261000,1609372800,,2,0.4713776,,0.4621,,6124530,,,-,,,,,,16.121,,
ADE,Infinity,0.25783992,,,,,,,,0.555,,,74245120000,,232836783,,,,-,,,,,1546214400,-,,,1,,,1569801600,,1609372800,,2,,,0.04859,,684947968,,,-,,,,,,,,
GSF,0.35344028,0.25783992,,,-0.129554,,34.489,,,,18.555,2.242,18036758528,,45033708,10.91,,,-,,,,,1546214400,-,,,1,,,1569801600,492520000,1609372800,,2,4.1520486,,0.06122,,110434000,,,-,,,,,,4.453,,
WILS,0.049999952,0.25783992,,,0.879352,,2.999,,,-0.143,,,921063808,,3972417,,,,-,,,,,1546214400,-,,,1,,,1569801600,,1609372800,,2,7.002334,,0.06379,,43860200,,,-,,,,,,0.273,,
LSTSB-ME,Infinity,0.25783992,,,0.247384,,877.957,,,0.245,,15.191,2758230016,,524910,,,,-,,,,,1546214400,-,,,1,,,1569801600,90434000,1609372800,,2,0.143515,,0.49807,,1000000,,,-,,,,,,90.434,,
PHLY,0.5800712,0.25783992,,,0.692307,,7.953,,,,302.653,13.034,546590784,,1484671,,,,-,,,,,1546214400,-,,,1,,,1569801600,-22899000,1609372800,,2,5.306174,,-0.54603,,12107900,,,-,,,,,,-1.891,,
GEOS-ME,-0.42903227,0.25783992,,,,,8.675,,,-0.979,56.821,5.624,374917632,,23181459,,,,-,,,,,1546214400,-,,,1,,,1561852800,-18102084,1609372800,,4,0.38731986,,-0.27154,,35415900,,,-,,,,,,-0.618,,
WALWIL,-0.12173909,0.25783992,,,1.630769,,6.315,,,0.571,22.269,3.741,14953672704,,102214952,0.47,,,-,,,,,1546214400,-,,,1,,,1569801600,94000000,1609372800,,2,4.003167,,0.02352,,422340992,,,-,,,,,,0.222,,
HLNG,-0.2217899,0.25783992,,,1.002429,,5.167,,,,20.151,11.703,4263305728,,36253304,0.45,,,-,,,,,1546214400,-,,,1,,,1569801600,10910000,1609372800,,2,5.535127,,0.029949998,,76204000,,,-,,,,,,0.135,,
BOR,0.0382514,0.25783992,,,0.857489,,56.58,,,0.335,16.36,1.312,1148150400,,1928402,-4.23,,,-,,,,,1546214400,-,,,1,,,1569801600,5430000,1609372800,,2,0.32697064,,0.0062,,12689200,,,-,,,,,,0.904,,
PHO,0.8806306,0.25783992,,,-0.280971,,7.638,,,,-74.091,8.017,1730628224,,16356820,1.25,,,-,,,,,1546214400,-,,,1,,,1569801600,-22678000,1609372800,,2,10.473946,,-0.105059996,,21779800,,,-,,,,,,-1.044,,
COV,0.6006601,0.25783992,,,0.5417,,0.808,,,8.632,,,750464768,,2063546,0.26,,,-,,,,,1546214400,-,,,1,,,1569801600,,1609372800,,2,114.480194,,0.14269,,7736750,,,-,,,,,,-0.033,,
EAM,-0.59547734,0.25783992,,,-0.131174,,2.096,,,4.336,,,110320584,,4395556,,,,-,,,,,1546214400,-,,,1,,,1569801600,,1609372800,,2,7.2757635,,-0.0078,,6852210,,,-,,,,,,-0.152,,
EIOF,0.20588219,0.25783992,,,0.652631,,21.423,,,,12.617,3.98,2488492032,,12763124,-4.58,,,-,,,,,1546214400,-,,,1,,,1569801600,-134814000,1609372800,,2,0.2614013,,-0.2156,,62150000,,,-,,,,,,-2.173,,
ZAL,0.27906978,0.25783992,,,0.895546,,4.768,,,,24.617,1.381,1056129024,,12359112,1.19,,,-,,,,,1546214400,-,,,1,,,1569801600,-7926000,1609372800,,2,6.6065435,,-0.01036,,19568400,,,-,,,,,,-0.347,,
SBO,0.26002288,0.25783992,,,0.652631,,32.977,,,2.238,8.529,2.029,7177525248,,38295884,4.89,,,-,,,,,1546214400,-,,,1,,,1569801600,739195008,1609372800,,2,1.6344725,,0.20899001,,92928600,,,-,,,,,,7.957,,
QEC,-0.18449199,0.25783992,,,2.017214,,0.332,,,,,,652558144,,411655092,0.16,,,-,,,,,1546214400,-,,,1,,,1569801600,,1609372800,,4,4.186747,,0.45273,,427907008,,,-,,,,,,-0.038,,
INC,0.0489949,0.25783992,,,1.050202,,0.252,,,,-10.157,0.369,151344608,,39933298,,,,-,,,,,1546214400,2015-07-14,1:10,,1,,,1569801600,27022000,1609372800,,4,3.531746,,-0.16052,,107511000,,,-,,,,,,-0.604,,
RAKP,-0.1857143,0.25783992,,,0.891497,,2.94,,,0.758,6.489,4.618,4663210496,,85089123,,,,-,,,,,1546214400,-,,,1,,,1561852800,184500000,1609372800,,2,3.5714285,,0.18273,,178598000,,,-,,,,,,0.593,,
TEL,0.015815139,0.25783992,,,0.281781,,25.472,,,,8.595,3.247,367624749056,,634344456,10,,,-,,,,,1546214400,-,,,1,,,1569801600,5576000000,1609372800,,2,6.4718122,,0.0641,,1422659968,,,-,,,,,,5.006,,
AFK,-0.23850572,0.25783992,,,0.223481,,1387.583,,,-0.414,11.471,1.124,5471960576,,295177,,,,-,,,,,1546214400,2018-04-27,5:1,,1,,,1569801600,48413000,1609372800,,2,1.9097956,,0.00994,,2189420,,,-,,,,,,22.268,,
KID,0.68563676,0.25783992,,,0.122201,,25.64,,,-0.291,14.65,2.087,3954668032,,22467634,3.77,,,-,,,,,1546214400,-,,,1,,,1569801600,151774000,1609372800,,2,2.3166928,,0.08009,,40600000,,,-,,,,,,3.734,,
BGBIO,-0.17400002,0.25783992,,,1.236059,,4.526,,,,-4.968,88.208,971791552,,33387518,-3.85,,,-,,,,,1546214400,-,,,1,,,1569801600,-192764992,1609372800,,2,4.2598324,,0,,61076600,,,-,,,,,,-3.499,,
NRS,0.2079264,0.25783992,,,-0.148987,,51.386,,,,11.562,1.97,11210608640,,12804439,18.5,,,-,,,,,1546214400,2019-06-07,1/1,,1,,,1569801600,402537984,1609372800,,2,4.514848,,0.055609997,,43431400,,,-,,,,,,7.29,,
NORTH,-0.23243248,0.25783992,,,0.42591,,2.6,,,,2.136,-56.447,-49842736,,46412871,-0.93,,,-,,,,,1546214400,-,,,1,,,1569801600,-40623000,1609372800,,4,0.5519231,,0,,117252000,,,-,,,,,,-0.34,,
HAFNIA,Infinity,0.25783992,,,,,2.922,,,,153.371,27.244,10036433920,,,,,,-,,,,,1546214400,-,,,1,,,1569801600,-19781000,1609372800,,2,8.145106,,-0.0537,,,,,-,,,,,,-0.161,,
SOR,0.16666663,0.25783992,,,-0.190283,,798.913,,,0.518,,23.111,53432782848,,6502933,10.48,,,-,,,,,1546214400,-,,,1,,,1569801600,170000000,1609372800,,2,0.13643537,,0.4481,,15663900,,,-,,,,,,10.829,,
KVAER,-0.10327023,0.25783992,,,1.182995,,12.641,,,1.057,1.105,0.059,482666656,,155394666,0.69,,,-,,,,,1546214400,-,,,1,,,1569801600,289000000,1609372800,,2,0.8005696,,0.03443,,267906000,,,-,,,,,,1.049,,
RING,0.21025646,0.25783992,,,0.279352,,237.269,,,-0.007,,7.775,6910591488,,4463652,21.24,,,-,,,,,1546214400,-,,,1,,,1569801600,421420992,1609372800,,2,0.9946517,,0.48712003,,15650400,,,-,,,,,,26.918,,
PGS,0.24566829,0.25783992,,,2.651012,,1.819,,,,15.805,9.297,8069880320,,268079492,0.07,,,-,,,,,1546214400,2006-12-18,3:1,,1,,,1569801600,-106100000,1609372800,,2,10.46729,,-0.12222999,,338577984,,,-,,,,,,-0.313,,
ENDUR,Infinity,0.25783992,,,,,1.341,,,,-4.054,0.748,167349216,,,,,,-,,,,,1514678400,-,,,1,,,1569801600,-71628000,1577750400,,4,0.76062644,,-0.32004002,,213091008,,,-,,,,,,-0.762,,
AMSC,-0.021276593,0.25783992,,,0.319028,,2.739,,,0.208,29.238,28.212,2477051392,,44908344,0.37,,,-,,,,,1546214400,-,,,1,,,1569801600,4791000,1609372800,,2,11.445783,,0.054569997,,60616500,,,-,,,,,,0.079,,
HAVI,-0.1780104,0.25783992,,,1.423481,,-40.465,,,,18.487,6.249,4316536832,,10414495,-2,,,-,,,,,1546214400,2018-01-04,1:100,,1,,,1569801600,-1084418944,1609372800,,4,,,-1.5698301,,23776300,,,-,,,,,,-45.601,,
VISTIN,0.29691887,0.25783992,,,0.612826,,9.203,,,,8.403,0.406,86102624,,22393576,1.17,,,-,,,,,1546214400,-,,,1,,,1569801600,3623000,1609372800,,2,0.98880804,,-0.00909,,44344600,,,-,,,,,,-0.043,,
NAS,-0.49591255,0.25783992,,,0.929554,,38.345,,,0.284,656.592,1.492,65987481600,,95897032,-20.18,,,-,,,,,1546214400,-,,,1,,,1569801600,-2752399872,1609372800,,2,0.9469292,,-0.06222,,163558000,,,-,,,,,,-26.876,,
DNB,0.07533336,0.25783992,,,0.838056,,145.608,,,0.068,,17.929,979931430912,,907773055,14.88,,,-,,,,,1546214400,-,,,1,,,1569801600,25838999552,1609372800,,2,1.0909429,,0.48754,,1569609984,,,-,,,,,,16.074,,
AKSO,-0.5352458,0.25783992,,,0.990283,,27.241,,,-0.404,7.696,0.456,13176000512,,142962300,2.33,,,-,,,,,1546214400,2007-03-30,1:5,,1,,,1569801600,357000000,1609372800,,2,0.73528874,,0.01237,,270851008,,,-,,,,,,1.317,,
VEI,0.34519958,0.25783992,,,0.221862,,28.885,,,-0.149,11.874,0.567,21539213312,,86406893,8.04,,,-,,,,,1546214400,2007-05-09,5:1,,1,,,1569801600,969000000,1609372800,,2,4.2617273,,0.025510002,,134956000,,,-,,,,,,7.218,,
BDRILL,-0.38943398,0.25783992,,,1.869828,,12.188,,,,-210.105,29.516,8698363904,,73956843,-0.14,,,-,,,,,1546214400,2019-06-26,1:5,,1,,,1569801600,-347800000,1609372800,,2,5.0057435,,-1.18018,,110818000,,,-,,,,,,-3.264,,
AKER,-0.07725692,0.25783992,,,1.015384,,260.459,,,,26.253,2.03,91674861568,,22384614,26.25,,,-,,,,,1546214400,-,,,1,,,1561852800,-1014000000,1609372800,,2,1.9830375,,-0.008169999,,74278200,,,-,,,,,,-4.968,,
THIN,-0.8385886,0.25783992,,,1.850202,,0.452,,,,-3.393,155.444,138967200,,56151986,-0.05,,,-,,,,,1546214400,2019-11-01,1:20,,1,,,1569801600,-62960000,1609372800,,4,4.535398,,0,,58593600,,,-,,,,,,-1.2,,
KOG,0.2268908,0.25783992,,,0.738461,,70.239,,,-0.284,18.971,1.431,28722710528,,69464516,7.02,,,-,,,,,1546214400,2009-05-08,4:1,,1,,,1569801600,694000000,1609372800,,2,2.0330586,,0.034590002,,179972992,,,-,,,,,,4.063,,
SOAG,0.17647064,0.25783992,,,-0.097165,,278.784,,,-0.062,,7.384,6102749184,,3789148,24.01,,,-,,,,,1546214400,-,,,1,,,1569801600,369286016,1609372800,,2,0.85370755,,0.47734,,12388100,,,-,,,,,,29.804,,
AUSS,-0.121028006,0.25783992,,,-0.378947,,58.968,,,,11.828,1.534,35240148992,,85353419,,,,-,,,,,1546214400,-,,,1,,,1569801600,1153472000,1609372800,,2,1.5610162,,0.050219998,,201824000,,,-,,,,,,5.713,,
OTS,-0.41105628,0.25783992,,,1.434817,,1.786,,,,22.534,10.662,221687056,,8819320,,,,-,,,,,1546214400,2019-11-27,1:23,,1,,,1561852800,470000,1609372800,,4,2.7379618,,0.023039998,,34211300,,,-,,,,,,0.015,,
NTS,0.10655737,0.25783992,,,0.085637,,34.567,,,-0.999,14.215,4.346,7594870784,,12268817,6.33,,,-,,,,,1546214400,2014-08-13,10:1,,1,,,1569801600,297227008,1609372800,,2,1.9671941,,0.17006999,,72755800,,,-,,,,,,4.085,,
TECH,-0.06626505,0.25783992,,,-0.724279,,2.708,,,,40.371,0.485,540934848,,34125273,,,,-,,,,,1546214400,2016-03-11,1:10,,1,,,1569801600,-64878000,1609372800,,4,1.1078287,,-0.0582,,162792992,,,-,,,,,,-0.394,,
NOR,0.012987018,0.25783992,,,-0.223481,,22.771,,,,108.531,40.025,6514468864,,6489777,17.14,,,-,,,,,1546214400,2015-05-15,1:100,,1,,,1569801600,160256704,1609372800,,2,9.793158,,0.98460996,,24549000,,,-,,,,,,6.373,,
AFG,0.26618707,0.25783992,,,0.221862,,18.257,,,0.059,15.088,0.878,19116099584,,38341999,8.39,,,-,,,,,1546214400,2010-01-18,5:1,,1,,,1569801600,899000000,1609372800,,2,9.530591,,0.04131,,103042000,,,-,,,,,,8.995,,
FKRAFT,0.68802214,0.25783992,,,,,8.497,,,0.303,12.996,0.804,5833905664,,69878710,,,,-,,,,,1546214400,-,,,1,,,1569801600,315863008,1609372800,,2,7.0024714,,0.04354,,104496000,,,-,,,,,,2.986,,
PLCS,0.13370991,0.25783992,,,1.748178,,0.17,,,,13.669,3.024,924436224,,464185744,-0.01,,,-,,,,,1546214400,2017-05-19,1:10,,1,,,1569801600,-9108000,1609372800,,4,6.882353,,-0.029790001,,513787008,,,-,,,,,,-0.018,,
SAS NOK,,,,,,,,,,,,,,,,,,,,,,,,,,,,,,,,,,,,,,,,,,,,,,,,,,,
GYL,0.23626375,0.25783992,,,0.029149,,302.201,,,,10.95,0.749,1496261888,,151232,,,,-,,,,,1546214400,-,,,1,,,1561852800,51215000,1609372800,,2,1.4890752,,0.02564,,2307130,,,-,,,,,,22.198,,
HUNT,0.69964516,0.25783992,,,0.395951,,0.339,,,,3775.688,9337.759,3071095552,,352414987,0.01,,,-,,,,,1546214400,2017-12-08,1:10,,1,,,1569801600,1185250,1609372800,,4,14.247787,,5.4448795,,575361984,,,-,,,,,,0.003,,
MING,0.19999993,0.25783992,,,0.588663,,144.75,,,-0.002,,6.348,37432975360,,131172446,9.67,,,-,,,,,1546214400,2009-03-27,6:5,,1,,,1569801600,1620000000,1609372800,,2,0.69775474,,0.43547,,129836000,,,-,,,,,,12.505,,
SNOR,0.07547164,0.25783992,,,0.028112,,959.937,,,0.458,,4.615,2339538432,,1254822,11.46,,,-,,,,,1546214400,-,,,1,,,1569801600,35741000,1609372800,,2,0.11875779,,0.43717998,,2243480,,,-,,,,,,16.038,,
SALM,0.09288359,0.25783992,,,-0.31336,,73.818,,,-0.78,13.541,4.728,57353646080,,105157299,28.73,,,-,,,,,1546214400,-,,,1,,,1569801600,2986612992,1609372800,,2,6.339917,,0.24618,,112922000,,,-,,,,,,26.429,,
SBANK,-0.039473712,0.25783992,,,0.863805,,62.118,,,0.221,,18.097,29174745088,,78484838,7.29,,,-,,,,,1546214400,-,,,1,,,1569801600,686716992,1609372800,,2,1.1429859,,0.42597,,106869000,,,-,,,,,,6.426,,
PROTCT,-0.06113535,0.25783992,,,0.71417,,24.198,,,,-20.358,1.263,4655562752,,69963680,4.44,,,-,,,,,1546214400,-,,,1,,,1569801600,-253631008,1609372800,,2,1.7439458,,-0.092939995,,81761904,,,-,,,,,,-4.084,,
REC,-0.2214815,0.25783992,,,1.327125,,0.147,,,,-77.015,7.602,1347754240,,288002942,0,,,-,,,,,1546214400,2019-07-12,1:10,,1,,,1569801600,-89600000,1609372800,,4,25.85034,,-0.50536,,279820000,,,-,,,,,,-0.335,,
OBSERV,Infinity,0.25783992,,,,,0.805,,,,,,160018688,,,,,,-,,,,,,-,,,1,,,,,,,2,13.90062,,0,,15067700,,,-,,,,,,,,
OKEA,Infinity,0.25783992,,,,,16.487,,,,1.944,1.16,2898998784,,24807993,,,,-,,,,,1546214400,-,,,1,,,1569801600,-125510000,1609372800,,2,1.1099654,,-0.048210002,,102064000,,,-,,,,,,-1.532,,
ASETEK,-0.2926829,0.25783992,,,0.276923,,1.534,,,,379.939,13.73,757598016,,21961472,0.3,103.33333,,-,,,,,1546214400,-,,,1,,,1569801600,1319000,1609372800,203.53,2,20.208605,,0.0239,,25600000,,,-,,,,,,0.05,,
BWO,0.47208118,0.25783992,,,2.017004,,5.672,,,-0.575,17.75,10.929,12076800000,,88703800,,,,-,,,,,1546214400,2016-12-02,1:50,,1,,,1569801600,82800000,1609372800,,2,9.617419,,0.07493,,184955008,,,-,,,,,,0.447,,
INDUCT-ME,-0.26859224,0.25783992,,,2.850305,,0.16,,,,-4.207,3.016,43225888,,4339586,,,,-,,,,,1546214400,-,,,1,,,1569801600,-11827625,1609372800,,4,25,,-0.82512003,,10910000,,,-,,,,,,-1.399,,
WRE-ME,,,,,,,,,,,,,,,,,,,,,,,,,,,,,,,,,,,,,,,,,,,,,,,,,,,
ULTIMO,Infinity,0.25783992,,,,,16.77,,,,-22.699,,1146019328,,11445888,,,,-,,,,,1546214400,-,,,1,,,1569801600,-48498000,1609372800,,2,3.088849,,0,,27860400,,,-,,,,,,-2.429,,
OLT,0.22411346,0.25783992,,,0.76923,,256.391,,,0.035,16.458,10.621,41572360192,,26845655,13.47,,,-,,,,,1546214400,2014-06-11,10:1,,1,,,1569801600,1864000000,1609372800,,2,0.6630498,,0.47624,,103623000,,,-,,,,,,17.791,,
SSO,0.67264044,0.25783992,,,0.744129,,24.604,,,,20.624,16.103,29162999808,,81899217,1.67,,,-,,,,,1577750400,-,,,1,,,1577750400,-39000000,1640908800,,2,5.482848,,-0.021540001,,125129000,,,-,,,,,,-0.312,,
GOGL,-0.0694077,0.25783992,,,1.943054,,10.425,,,0.04,34.828,11.37,7296070656,,93861367,,,,-,,,,,1546214400,2016-08-01,1:5,,1,,,1569801600,19734000,1609372800,,2,3.8004794,,0.03075,,143278000,,,-,,,,,,0.138,,
ORK,0.2917031,0.25783992,,,0.08502,,33.427,,,-0.094,15.253,2.289,97450631168,,497183445,3.88,,,-,,,,,1546214400,2007-04-20,5:1,,1,,,1569801600,3300999936,1609372800,,2,2.6469622,,0.07752,,1000310016,,,-,,,,,,3.299,,
WWIB,0.091525435,0.25783992,,,1.217813,,40.061,,,,76.717,9.727,8132016640,,22553189,,,,-,,,,,1546214400,2004-10-14,2:1,,1,,,1569801600,70000000,1609372800,,2,3.8566186,,0.083730005,,10580000,,,-,,,,,,1.508,,
SUNSB-ME,,,,,,,,,,,,,,,,,,,,,,,,,,,,,,,,,,,,,,,,,,,,,,,,,,,
NANO,-0.38019615,0.25783992,,,0.020242,,5.394,,,,-2.847,,1124622720,,44055891,-7.96,,,-,,,,,1546214400,-,,,1,,,1569801600,-384472000,1609372800,,2,4.6941047,,0,,66143400,,,-,,,,,,-7.253,,
NEL,0.6643909,0.25783992,,,0.090688,,1.602,,,,-63.481,23.719,11315984384,,1125639060,-0.06,,,-,,,,,1546214400,2013-08-16,1:10,,1,,,1569801600,-230920992,1609372800,,2,5.608614,,-0.48402,,1222099968,,,-,,,,,,-0.196,,
YAR,-0.030346334,0.25783992,,,0.836437,,31.171,,,-0.245,56.752,7.266,96308772864,,172776821,3.07,,,-,,,,,1546214400,-,,,1,,,1569801600,556000000,1609372800,,2,10.721504,,0.041950002,,271040992,,,-,,,,,,2.039,,
FJORD,-0.116666675,0.25783992,,,0.913443,,22.66,,,-0.406,9.344,2.77,7598201856,,25167228,3.51,,,-,,,,,1546214400,-,,,1,,,1569801600,348492992,1609372800,,2,1.6328332,,0.12706,,99909600,,,-,,,,,,3.485,,
ZENA-ME,-0.3078947,0.25783992,,,1.458461,,,,,,,,79146256,,300082098,,,,-,,,,,1553990400,-,,,1,,,1569801600,,1617148800,,4,,,-1.65454,,451544000,,,-,,,,,,,,
ELK,0.08556378,0.25783992,,,,,22.265,,,-0.775,6.797,0.869,20418617344,,239174328,4.4,,,-,,,,,1546214400,-,,,1,,,1569801600,1211000064,1609372800,,2,1.0770267,,0.05154,,581310016,,,-,,,,,,2.082,,
SCHB,0.31618738,0.25783992,,,0.420242,,45.281,,,-0.288,23.185,3.933,73612402688,,167957918,,,,-,,,,,1546214400,-,,,1,,,1569801600,647000000,1609372800,,2,5.8390937,,0.03457,,129382000,,,-,,,,,,2.718,,
HBC,2.904,0.25783992,,,0.617813,,0.448,,,,-68.461,44.904,3193106176,,170057460,,,,-,,,,,1546214400,-,,,1,,,1569801600,-79228000,1609372800,,2,20.669643,,-1.11418,,325815008,,,-,,,,,,-0.27,,
ODFB,0.03571427,0.25783992,,,0.017004,,7.047,,,,28.4,3.975,3486299904,,22989844,,,,-,,,,,1546214400,2005-05-06,2:1,,1,,,1569801600,-74234000,1609372800,,2,4.001703,,-0.08464,,18756200,,,-,,,,,,-0.942,,
HEX,0.21723521,0.25783992,,,0.4834,,11.922,,,0.704,33.195,2.617,7590984704,,91248972,0.88,,,-,,,,,1546214400,-,,,1,,,1569801600,119872000,1609372800,,2,2.7428284,,0.04132,,181316000,,,-,,,,,,0.7,,
TOM,0.2613207,0.25783992,,,0.550607,,33.625,,,-0.038,22.958,4.595,42475085824,,108355112,5.73,,,-,,,,,1546214400,2000-11-22,2:1,,1,,,1569801600,788899968,1609372800,,2,7.6907067,,0.08534,,147520000,,,-,,,,,,5.34,,
ATLA NOK,,,,,,,,,,,,,,,,,,,,,,,,,,,,,,,,,,,,,,,,,,,,,,,,,,,
NAPA,0.7390541,0.25783992,,,-0.651012,,0.397,,,,,,151584000,,15755800,,,,-,,,,,1546214400,2016-04-25,4:1,,1,,,1569801600,,1609372800,,4,11.637279,,-0.36110002,,83068200,,,-,,,,,,-0.862,,
NOM,0.42816937,0.25783992,,,1.452631,,1.061,,,,-7.365,,556764032,,140184942,-0.18,,,-,,,,,1546214400,2016-12-08,1:6,,1,,,1569801600,18684000,1609372800,,4,3.2987747,,0,,168792000,,,-,,,,,,0.142,,
BAKKA,0.6848453,0.25783992,,,-0.208097,,13.119,,,-0.492,,,34231678976,,41435858,31.33,,,-,,,,,1546214400,-,,,1,,,1569801600,,1609372800,,2,51.98567,,0.15745,,59141500,,,-,,,,,,3.037,,
KAHOOT-ME,Infinity,0.25783992,,,,,3.202,,,,-143.706,327.824,8925624320,,15508562,,,,-,,,,,1546214400,-,,,1,,,,-55137776,1609372800,,2,23.422861,,-2.02512,,129359000,,,-,,,,,,-0.476,,
SBLK,0.23259258,0.25783992,,,1.678601,,16.178,,,-0.777,44.909,11.916,9320548352,,41845144,,,,-,,,,,1546214400,-,,,1,,,1569801600,-27985000,1609372800,,2,5.130424,,-0.03578,,95709104,,,-,,,,,,-0.303,,
ASC,-0.06590909,0.25783992,,,0.82753,,1.442,,,0.45,,1.442,1598438400,,367554416,0.43,,,-,,,,,1546214400,-,,,1,,,1569801600,152487008,1609372800,,4,2.78086,,0.13757,,456668992,,,-,,,,,,0.305,,
NPRO,0.26611423,0.25783992,,,0.245344,,15.938,,,0.578,23.957,18.759,14378752000,,82924164,0.47,,,-,,,,,1546214400,-,,,1,,,1569801600,848899968,1609372800,,2,0.9066382,,1.1075,,493625984,,,-,,,,,,1.542,,
WWI,0.0945946,0.25783992,,,1.217813,,40.061,,,,77.155,9.783,8178420224,,22553189,2.77,,,-,,,,,1546214400,2004-10-14,2:1,,1,,,1569801600,70000000,1609372800,,2,3.7942138,,0.083730005,,34000000,,,-,,,,,,1.508,,
GIG,-0.64077234,0.25783992,,,1.026232,,1.355,,,,,,576036032,,35573824,0.1,,,-,,,,,1546214400,2018-12-19,1:10,,1,,,1569801600,,1609372800,,2,4.723247,,-0.25417998,,90005600,,,-,,,,,,-0.08,,
ENTRA,0.3127091,0.25783992,,,0.323076,,118.793,,,0.331,22.018,19.309,49584734208,,126304938,7.24,,,-,,,,,1546214400,-,,,1,,,1569801600,2752999936,1609372800,,2,1.3199431,,1.0720401,,182108992,,,-,,,,,,15.115,,
NODL,-0.65642023,0.25783992,,,0.973434,,6.612,,,,,,2309036544,,65895249,-0.27,,,-,,,,,1546214400,-,,,1,,,1569801600,-2903000,1609372800,,2,2.4984877,,0,,107556000,,,-,,,,,,-0.027,,
BWLPG,2.0565658,0.25783992,,,1.143319,,7.526,,,,49.648,16.81,11946454016,,75043507,0.21,,,-,,,,,1546214400,-,,,1,,,1569801600,86150000,1609372800,,2,9.234653,,0.12123,,138618000,,,-,,,,,,0.606,,
HELG,0.2269504,0.25783992,,,0.464777,,166.53,,,0.177,,24.641,13133683712,,11655923,10.32,,,-,,,,,1546214400,2010-04-06,2:1,,1,,,1569801600,128090000,1609372800,,2,0.50741607,,0.34146,,20861100,,,-,,,,,,6.1,,
BEL,0.502007,0.25783992,,,0.323076,,0.718,,,,59.873,11.26,1633980928,,37333420,0.08,,,-,,,,,1546214400,-,,,1,,,1569801600,15981000,1609372800,,2,9.610028,,0.11013,,211676992,,,-,,,,,,0.085,,
INFRNT,0.09219909,0.25783992,,,-0.697925,,5.655,,,,,,1031248256,,31164497,1.13,,,-,,,,,1546214400,-,,,1,,,1569801600,,1609372800,,2,4.2086644,,-0.15883,,43425400,,,-,,,,,,0.636,,
AASB-ME,0.17543864,0.25783992,,,0.239307,,,,,0.063,,,,,,,,,-,,,,,1546214400,-,,,1,,,1569801600,41275000,1609372800,,2,,,0.40016997,,1013910,,,-,,,,,,,,
SAGA,0.10891092,0.25783992,,,0.2,,1.162,,,,25.856,7.823,249480816,,27306973,,,,-,,,,,1546214400,-,,,1,,,1569801600,-74573000,1609372800,,4,0.8950086,,-2.33837,,266150000,,,-,,,,,,-0.283,,
BALT-ME,Infinity,0.25783992,,,1.037151,,31.615,,,,9.947,7.897,521504384,,4003357,,,,-,,,,,1546214400,-,,,1,,,1561852800,-19595392,1609372800,,2,1.0374821,,-0.29674,,6643370,,,-,,,,,,-2.939,,
KOMP,-0.040983617,0.25783992,,,0.794188,,10.19,,,0.072,,1.24,1070609920,,93502746,2.63,,,-,,,,,1546214400,-,,,1,,,1569801600,312453056,1609372800,,2,1.071639,,0.36507,,184120000,,,-,,,,,,1.659,,
SOFF,-0.3169014,0.25783992,,,1.892307,,-9.13,,,,39.375,6.205,31342467072,,144972068,-1.01,,,-,,,,,1546214400,-,,,1,,,1569801600,-5104393216,1609372800,,4,,,-1.01052,,291392000,,,-,,,,,,-17.517,,
TRVX,-0.045601666,0.25783992,,,2.093927,,5.233,,,,-3.131,18859.105,452618528,,45072721,-2.85,,,-,,,,,1546214400,-,,,1,,,1569801600,-153482000,1609372800,,2,1.3835276,,0,,63383600,,,-,,,,,,-2.643,,
MGN,0.22480631,0.25783992,,,0.858299,,1.892,,,-0.985,,7.507,351328096,,24268889,,,,-,,,,,1546214400,2011-12-01,1:100,,1,,,1569801600,72500000,1609372800,,2,3.937632,,1.54915,,52585800,,,-,,,,,,1.378,,
KCC,Infinity,0.25783992,,,,,4.105,,,0.178,95.316,19.807,2471540992,,11578745,,,,-,,,,,1546214400,-,,,1,,,1569801600,-472000,1609372800,,2,10.42631,,-0.00378,,48027000,,,-,,,,,,-0.012,,
IOX,0.0079113245,0.25783992,,,2.099595,,-0.112,,,,60.916,16.502,279969248,,67084151,0.01,,,-,,,,,1546214400,2015-07-06,1:10,,1,,,1569801600,-9930000,1609372800,,4,,,-0.58529,,96874496,,,-,,,,,,-0.101,,
PNOR,Infinity,0.25783992,,,,,138.79,,,,0.002,0.001,100980,,,,,,-,,,,,1546214400,-,,,1,,,,7864000,1609372800,,4,0.00720369,,0.091639996,,971665024,,,-,,,,,,78.64,,
OCY,-0.19550747,0.25783992,,,0.619433,,5.05,,,,47.253,37.243,9511966720,,67118814,0.67,,,-,,,,,1546214400,-,,,1,,,1569801600,-100200000,1609372800,,2,9.247524,,-0.39233002,,175084992,,,-,,,,,,-0.631,,
SADG,0.1428572,0.25783992,,,0.372469,,128.919,,,0.287,,16.741,9749624832,,12140162,6.03,,,-,,,,,1546214400,-,,,1,,,1569801600,177188992,1609372800,,2,0.52746296,,0.46565,,22996300,,,-,,,,,,7.698,,
JPK-ME,,,,,,,,,,,,,,,,,,,,,,,,,,,,,,,,,,,,,,,,,,,,,,,,,,,
SCHA,0.25970566,0.25783992,,,0.420242,,45.281,,,-0.288,23.913,4.057,75924897792,,167957918,8.56,,,-,,,,,1546214400,-,,,1,,,1569801600,647000000,1609372800,,2,6.2123184,,0.03457,,104790000,,,-,,,,,,2.718,,
NONG,0.22546017,0.25783992,,,0.28502,,139.183,,,-0.023,,8.12,33560961024,,95234420,6.86,,,-,,,,,1546214400,2011-03-31,4:3,,1,,,1569801600,1008000000,1609372800,,2,0.5632872,,0.52843,,100398000,,,-,,,,,,9.985,,
JIN,-0.37662333,0.25783992,,,0.644534,,2.261,,,,39.219,8.886,542835904,,41890971,0.21,,,-,,,,,1546214400,-,,,1,,,1569801600,-4230000,1609372800,,4,2.0544007,,-0.06925,,109259000,,,-,,,,,,-0.039,,
STRONG,0.28718543,0.25783992,,,0.365182,,5.642,,,-0.129,9.401,0.544,609225920,,29332074,1.1,,,-,,,,,1546214400,2005-05-09,1:10,,1,,,1569801600,21023000,1609372800,,2,1.9496632,,0.018760001,,44203600,,,-,,,,,,0.475,,
OTELLO,0.2626866,0.25783992,,,0.037246,,2.485,,,,-466.332,9.809,2331660032,,78076260,-0.05,,,-,,,,,1546214400,-,,,1,,,1569801600,-93600000,1609372800,,2,6.8088536,,-0.39376998,,137932000,,,-,,,,,,-0.676,,
SDSD,0.106271744,0.25783992,,,0.583805,,0.207,,,,,63.624,710617024,,318680624,0.02,,,-,,,,,1546214400,2017-05-05,1:3,,1,,,1569801600,9672000,1609372800,,4,5.8695655,,0.86597,,576025984,,,-,,,,,,0.017,,
MOWI,0.2023586,0.25783992,,,-0.162753,,5.576,,,,,,115988021248,,439466861,15.74,,,-,,,,,1546214400,2014-01-21,1:10,,1,,,1569801600,,1609372800,,2,40.20803,,0.10637999,,517007008,,,-,,,,,,0.932,,
HIDDN,-0.9063971,0.25783992,,,2.354187,,-0.402,,,,-0.199,0.423,8519624,,2527527,,,,-,,,,,1546214400,2019-09-17,1:20,,1,,,1561852800,-56525000,1609372800,,4,,,-2.19189,,31078900,,,-,,,,,,-9.214,,
AVANCE,3.0944881,0.25783992,,,1.595951,,5.842,,,,44.521,18.995,3844324096,,44488200,0.32,,,-,,,,,1546214400,-,,,1,,,1569801600,16369000,1609372800,,2,8.387539,,0.08088,,63694100,,,-,,,,,,0.256,,
ICE,Infinity,0.25783992,,,-0.239095,,-3.15,,,,-18.773,4.394,7680949760,,93961258,,,,-,,,,,1546214400,-,,,1,,,1569801600,-1202930048,1609372800,,2,,,-0.68838,,201488992,,,-,,,,,,-6.556,,
AWDR,-0.51754385,0.25783992,,,0.974898,,5.093,,,,75.461,17.464,709178624,,15090147,-0.22,,,-,,,,,1546214400,-,,,1,,,1569801600,-27778000,1609372800,,2,2.5917926,,-0.68403,,54581500,,,-,,,,,,-0.543,,
HYARD,-0.7070707,0.25783992,,,-0.102834,,6.653,,,,-5.413,0.313,912602368,,7737999,,,,-,,,,,1546214400,-,,,1,,,1561852800,-215399008,1609372800,,4,0.42837816,,-0.07383,,24726000,,,-,,,,,,-8.68,,
ABT,0.05384624,0.25783992,,,0.971659,,1.923,,,,-1.581,21.182,27280152,,4363739,-0.54,,,-,,,,,1546214400,2011-06-27,1:20,,1,,,1561852800,-18216404,1609372800,,4,1.3624544,,0,,6956810,,,-,,,,,,-1.941,,
NRC,-0.15495205,0.25783992,,,-0.0834,,37.817,,,0.562,38.944,0.913,5023823872,,34268494,6.83,,,-,,,,,1546214400,2013-11-21,1:100,,1,,,1569801600,-118000000,1609372800,,2,1.3406669,,-0.0189,,54023100,,,-,,,,,,-2.02,,
NHY,-0.19715339,0.25783992,,,0.686639,,39.197,,,,9.745,0.532,81302077440,,1338163200,3.72,,,-,,,,,1546214400,2006-05-10,5:1,,1,,,1569801600,-2028000000,1609372800,,2,0.75745595,,-0.01328,,2048000000,,,-,,,,,,-0.991,,
GJF,0.39902163,0.25783992,,,0.391093,,52.425,,,0.13,7.825,1.988,62681673728,,495464028,9.52,,,-,,,,,1577750400,-,,,1,,,1577750400,6556100096,1640908800,,2,3.8035288,,0.20909001,,500000000,,,-,,,,,,13.19,,
NOD,1.0819113,0.25783992,,,1.371659,,1.285,,,-0.198,1001.426,39.894,10627128320,,169113787,0.08,,,-,,,,,1546214400,2010-06-15,5:1,,1,,,1569801600,314000,1609372800,,2,46.420235,,0.00118,,175662000,,,-,,,,,,0.002,,
NAVA,0.7494168,0.25783992,,,0.430769,,8.438,,,,-80.974,1.148,222099024,,1192944,,,,-,,,,,1546214400,-,,,1,,,1569801600,-1313225,1609372800,,2,2.2280161,,0.00736,,11867700,,,-,,,,,,0.131,,
EPIC-ME,0.52083325,0.25783992,,,0.223481,,2.773,,,,50.588,11.263,1885059968,,47812232,,486.6667,,-,,,,,1546214400,-,,,1,,,1569801600,-3849294,1609372800,,2,5.265056,,-0.023,,106600000,,,-,,,,,,-0.036,,
PCIB,1.5056605,0.25783992,,,-0.387044,,7.485,,,,-28.243,213.865,2191473152,,26608218,-2.92,,,-,,,,,1546214400,-,,,1,,,1569801600,-68133000,1609372800,,2,8.243153,,0,,37265900,,,-,,,,,,-1.843,,
STB,0.1222291,0.25783992,,,0.79757,,69.894,,,-0.124,17.727,0.885,58729287680,,451068671,5.68,,,-,,,,,1546214400,-,,,1,,,1569801600,3251000064,1609372800,,2,1.0129626,,0.04917,,466871008,,,-,,,,,,6.962,,
BOUVET,0.8396226,0.25783992,,,0.359514,,25.959,,,0.669,16.771,1.966,4088174336,,7570069,13.84,,,-,,,,,1546214400,-,,,1,,,1569801600,179084000,1609372800,,2,14.6769905,,0.08614001,,10249500,,,-,,,,,,17.352,,
BRG,0.21017408,0.25783992,,,-0.182995,,31.567,,,0.031,11.238,2.211,11159607296,,91206847,5.35,,,-,,,,,1546214400,-,,,1,,,1569801600,459000000,1609372800,,2,2.8019767,,0.09093001,,99633200,,,-,,,,,,4.596,,
FUNCOM,0.27614737,0.25783992,,,0.675303,,0.582,,,,203.589,45.751,1299098496,,26855687,,,,-,,,,,1546214400,2018-02-01,1:5,,1,,,1569801600,1324000,1609372800,,2,29.14089,,0.046630003,,77287000,,,-,,,,,,0.013,,
TEONE-ME,,,,,,,,,,,,,,,,,,,,,,,,,,,,,,,,,,,,,,,,,,,,,,,,,,,
ALNG,-0.44772726,0.25783992,,,0.486639,,0.774,,,,75.154,18.383,570268096,,40949568,0.11,,,-,,,,,1546214400,-,,,1,,,1569801600,-14155000,1609372800,,4,2.997416,,-0.45630002,,132549000,,,-,,,,,,-0.11,,
PPG PREF,,,,,,,,,,,,,,,,,,,,,,,,,,,,,,,,,,,,,,,,,,,,,,,,,,,
SIOFF,-0.23602486,0.25783992,,,0.578947,,0.432,,,,22.117,7.375,2171289344,,27054854,-0.02,,,-,,,,,1546214400,-,,,1,,,1569801600,-86782000,1609372800,,4,2.847222,,-0.27688998,,934739008,,,-,,,,,,-0.087,,
SSG,,,,,,,,,,,,,,,,,,,,,,,,,,,,,,,,,,,,,,,,,,,,,,,,,,,
NSKOG,Infinity,0.25783992,,,,,68.473,,,0.012,2.248,0.34,4317000192,,30338550,,,,-,,,,,1546214400,-,,,1,,,1569801600,2511000064,1609372800,,2,0.5989222,,0.1975,,82500000,,,-,,,,,,30.435,,
EMGS,0.278481,0.25783992,,,2.174089,,-0.016,,,,20.301,4.789,313982784,,54446720,,,,-,,,,,1546214400,2016-07-01,1:40,,1,,,1569801600,-10103000,1609372800,,4,,,-0.15408,,130970000,,,-,,,,,,-0.077,,
MEDI,1.9737611,0.25783992,,,-0.152226,,12.268,,,0.516,36.339,10.411,3780276480,,10577536,2.64,,,-,,,,,1546214400,-,,,1,,,1569801600,78710000,1609372800,,2,16.628628,,0.21677999,,18040500,,,-,,,,,,4.328,,
NORBIT,Infinity,0.25783992,,,,,7.339,,,1.515,9.261,1.889,1150914304,,18414862,,,,-,,,,,1546214400,-,,,1,,,1569801600,59816000,1609372800,,2,2.6573102,,0.098179996,,56786900,,,-,,,,,,7.777,,
ITE,0.33501267,0.25783992,,,0.278542,,0.693,,,0.593,12.921,1.574,874523392,,27603529,0.5,,,-,,,,,1546214400,2000-03-17,7:1,,1,,,1569801600,40801000,1609372800,,2,15.295815,,0.07343,,81416704,,,-,,,,,,0.5,,
ADSC-ME,0.39999998,0.25783992,,,,,,,,,,,,,,,,,-,,,,,,-,,,1,,,,,,,2,,,0,,23390300,,,-,,,,,,,,
BON,0.94690263,0.25783992,,,0.420242,,140.915,,,,7.455,1.661,12943616000,,19787538,,,,-,,,,,1546214400,2006-06-01,4:1,,1,,,1569801600,-120820000,1609372800,,2,1.4689708,,0.00765,,42531900,,,-,,,,,,1.403,,
KIT,0.28909957,0.25783992,,,1.25668,,4.036,,,0.129,10.498,0.855,2693916672,,167920083,0.76,,,-,,,,,1546214400,-,,,1,,,1569801600,126180000,1609372800,,2,2.6461847,,0.04007,,179104000,,,-,,,,,,0.699,,
LSG,-0.07304561,0.25783992,,,-0.291497,,26.988,,,,18.53,2.024,41543540736,,281511241,6.14,,,-,,,,,1546214400,2017-05-24,10:1,,1,,,1569801600,1434201984,1609372800,,2,2.2298799,,0.06987,,595475968,,,-,,,,,,2.407,,
QFR,-0.05898875,0.25783992,,,1.031578,,4.511,,,,14.42,0.921,882634432,,68761709,,,,-,,,,,1546214400,-,,,1,,,1569801600,-5638000,1609372800,,2,1.5185102,,-0.00588,,89223400,,,-,,,,,,-0.065,,
AXA,-0.10831118,0.25783992,,,2.759514,,1.968,,,2.521,,,2859276544,,87340021,0.25,,,-,,,,,1546214400,2018-05-31,1:10,,1,,,1569801600,,1609372800,,2,9.654471,,0.05566,,155395008,,,-,,,,,,-0.004,,
SUBC,0.12892878,0.25783992,,,1.339271,,18.156,,,-0.429,58.885,8.378,31756568576,,214111963,0.25,,,-,,,,,1546214400,-,,,1,,,1569801600,90100000,1609372800,,2,5.6427627,,0.02377,,298835008,,,-,,,,,,0.29,,
PEN,0.32969284,0.25783992,,,1.348178,,0.855,,,,47.75,29.908,1234475136,,43510618,-0.05,,,-,,,,,1546214400,2016-05-30,1:10,,1,,,1569801600,5661000,1609372800,,2,21.684212,,0.13368,,68799904,,,-,,,,,,0.091,,
KOA,-0.21379316,0.25783992,,,0.987044,,0.702,,,1.048,,,2576000000,,340280400,1.25,,,-,,,,,1546214400,-,,,1,,,1569801600,,1609372800,,2,8.233619,,0.02619,,447892992,,,-,,,,,,0.011,,
AGS,-0.93668324,0.25783992,,,,,7.83,,,,0.575,0.07,42565936,,12298604,,,,-,,,,,1546214400,2019-07-03,1:50,,1,,,1569801600,-21327000,1609372800,,4,0.121839084,,-0.03484,,58821000,,,-,,,,,,-1.135,,
EQNR,-0.035407662,0.25783992,,,0.793522,,12.311,,,,25.763,8.795,613305221120,,1051697680,,,,-,,,,,1546214400,2006-05-10,5:1,,1,,,1569801600,5445000192,1609372800,,2,14.21493,,0.07808,,3307699968,,,-,,,,,,1.635,,
TYSB-ME,-0.003311038,0.25783992,,,0.130044,,237.484,,,0.378,,9.142,652158848,,271163,,,,-,,,,,1546214400,-,,,1,,,1569801600,28171000,1609372800,,2,0.49687558,,0.39490002,,1514180,,,-,,,,,,22.076,,
SALMON,-0.10618526,0.25783992,,,,,3.142,,,0.486,-805.361,17.168,5043168768,,19800000,,,,-,,,,,1546214400,-,,,1,,,1569801600,43555000,1609372800,,2,23.551878,,0.14827,,66000000,,,-,,,,,,0.66,,
STORM,-0.33472806,0.25783992,,,0.812145,,0.467,,,,-166.469,20.698,46777908,,5022360,0.09,,,-,,,,,1546214400,2019-07-10,1:10,,1,,,1561852800,9000,1609372800,,4,6.4239826,,0.00398,,8834560,,,-,,,,,,0.001,,
TGS,0.041021347,0.25783992,,,0.982186,,12.918,,,0.212,58.726,45.251,29018261504,,115594568,2.07,,,-,,,,,1546214400,2006-06-15,4:1,,1,,,1569801600,167602000,1609372800,,2,18.710325,,0.26136,,117165000,,,-,,,,,,1.586,,
SDRL,-0.8342997,0.25783992,,,,,18.559,,,,20.135,6.336,7127875072,,62858217,-6.6,,,-,,,,,1546214400,-,,,1,,,1569801600,-1382000000,1609372800,,2,0.6783771,,-1.22844,,504444000,,,-,,,,,,-13.897,,
MELG,0.12903225,0.25783992,,,0.064777,,383.594,,,0.051,,9.1,1919091456,,1667734,,,,-,,,,,1546214400,-,,,1,,,1569801600,36858000,1609372800,,2,0.3623623,,0.42343,,2776220,,,-,,,,,,12.639,,
BIOTEC,0.43720925,0.25783992,,,0.276923,,0.949,,,,-34.241,3.665,294332288,,25880317,-0.04,,,-,,,,,1546214400,-,,,1,,,1569801600,-9279000,1609372800,,2,6.512118,,-0.11554,,48334700,,,-,,,,,,-0.209,,
SBX,-0.61185986,0.25783992,,,3.029149,,0.109,,,,-129.707,6.998,309999488,,418544894,-0.01,,,-,,,,,1546214400,2018-08-28,1:10,,1,,,1569801600,-15699000,1609372800,,4,4.963303,,-0.35437,,538931008,,,-,,,,,,-0.041,,
ODL,0.030452728,0.25783992,,,1.150607,,4.391,,,1.446,24.38,9.413,7249392128,,92641428,0.14,,,-,,,,,1546214400,-,,,1,,,1569801600,41315000,1609372800,,2,5.5249376,,0.06365,,236783008,,,-,,,,,,0.166,,
XXL,-0.5623958,0.25783992,,,1.234817,,27.688,,,-0.686,14.768,0.713,6586651648,,73881237,3.04,,,-,,,,,1546214400,2014-09-30,1:4,,1,,,1569801600,106000000,1609372800,,2,0.43195608,,0.011469999,,165763008,,,-,,,,,,0.773,,
SOFTOX-ME,-0.100000024,0.25783992,,,,,3.726,,,,-6.228,23.254,124549200,,2630991,,,,-,,,,,1546214400,2018-07-02,50:1,,1,,,1569801600,-16884776,1609372800,,2,7.2463765,,0,,7751000,,,-,,,,,,-3.65,,
SHLF,-0.46193904,0.25783992,,,0.401473,,4.685,,,,49.238,6.701,3815680256,,37860873,-0.46,,,-,,,,,1546214400,-,,,1,,,1569801600,-129221000,1609372800,,2,4.3970118,,-0.22694999,,136366000,,,-,,,,,,-1.06,,
ODF,0.0457747,0.25783992,,,0.017004,,7.047,,,,28.848,4.038,3541390080,,22989844,-0.2,,,-,,,,,1546214400,2005-05-06,2:1,,1,,,1569801600,-74234000,1609372800,,2,4.015893,,-0.08464,,60020300,,,-,,,,,,-0.942,,
NISB-ME,Infinity,0.25783992,,,,,,,,0.457,,,,,,,,,-,,,,,1546214400,-,,,1,,,1569801600,28907000,1609372800,,2,,,0.31968,,1127540,,,-,,,,,,,,
OET,0.5538461,0.25783992,,,,,9.897,,,,91.749,40.127,3977867264,,8313958,,,,-,,,,,1546214400,-,,,1,,,1569801600,-8564631,1609372800,,2,9.396787,,-0.0864,,32739900,,,-,,,,,,-0.262,,
RIVER-ME,-0.34400004,0.25783992,,,,,,,,,,,309106848,,9915544,,,,-,,,,,1546214400,-,,,1,,,1561852800,,1609372800,,2,,,-2.16699,,19016700,,,-,,,,,,,,
MULTI,0.2969284,0.25783992,,,0.391891,,21.938,,,,21.75,0.95,3271042816,,19334384,5.33,,,-,,,,,1546214400,-,,,1,,,1569801600,46637000,1609372800,,2,3.4643085,,0.01354,,26952000,,,-,,,,,,1.729,,
IDEX,-0.652349,0.25783992,,,1.965991,,0.25,,,,-2.119,154.069,529689312,,297678791,-0.27,,,-,,,,,1546214400,2010-03-10,1:3,,1,,,1569801600,-262911008,1609372800,,4,3.848,,0,,717988992,,,-,,,,,,-0.46,,
MSEIS,-0.74900854,0.25783992,,,0.520647,,1.242,,,,18.928,1.822,840685696,,126082656,0.42,,,-,,,,,1546214400,-,,,1,,,1569801600,-107574000,1609372800,,4,3.4541063,,-0.23313,,185167008,,,-,,,,,,-0.665,,
SSC,0.8613862,0.25783992,,,0.320647,,0.941,,,-0.655,,,5461100032,,30287280,10.13,,,-,,,,,1546214400,-,,,1,,,1561852800,,1609372800,,2,29.914984,,0.15428,,194028000,,,-,,,,,,0.183,,
FIVEPG,-0.7183099,0.25783992,,,1.302454,,0.174,,,,,,19798400,,28674023,,,,-,,,,,1546214400,2017-11-29,1:5,,1,,,1561852800,,1609372800,,4,2.3908048,,0,,53736000,,,-,,,,,,-0.118,,
DNO,-0.37068528,0.25783992,,,0.809716,,1.108,,,,15.67,10.167,10832601088,,575701229,0.33,,,-,,,,,1546214400,2006-06-16,4:1,,1,,,1569801600,252900000,1609372800,,2,8.610108,,0.23735,,975433024,,,-,,,,,,0.24,,
B2H,-0.37691134,0.25783992,,,0.987044,,10.053,,,0.138,,7.266,15028128768,,278327837,2.16,,,-,,,,,1546214400,-,,,1,,,1569801600,173246000,1609372800,,2,0.7758878,,0.08377,,409932992,,,-,,,,,,0.416,,
ARCHER,-0.33475482,0.25783992,,,3.076923,,0.656,,,,11.543,1.322,1109281536,,103891411,0.06,,,-,,,,,1546214400,2015-09-28,1:10,,1,,,1569801600,-108500000,1609372800,,4,4.4207315,,-0.12929,,148032000,,,-,,,,,,-0.74,,
SPOG,-0.006968677,0.25783992,,,0.102834,,195.835,,,-0.312,,35.734,23759278080,,16181310,5.06,,,-,,,,,1546214400,-,,,1,,,1569801600,91300000,1609372800,,2,0.285955,,0.42578,,20731200,,,-,,,,,,4.4,,
TEAM,-0.21582735,0.25783992,,,0.10573,,1.675,,,,61.868,3.92,1304919296,,131672550,-0.28,,,-,,,,,1546214400,-,,,1,,,1569801600,-76815000,1609372800,,2,3.2537313,,-0.23075001,,203254000,,,-,,,,,,-0.379,,
SKUE,0.36363637,0.25783992,,,0.143319,,575.341,,,0.535,,3.862,956156032,,1365283,18.82,,,-,,,,,1546214400,-,,,1,,,1569801600,40531000,1609372800,,2,0.31285793,,0.42544997,,1900000,,,-,,,,,,21.346,,
WSTEP,-0.055118084,0.25783992,,,0.291566,,13.687,,,-0.896,10.513,0.988,651063040,,16936832,2.26,,,-,,,,,1546214400,-,,,1,,,1569801600,42683000,1609372800,,2,1.7242639,,0.064770006,,26673400,,,-,,,,,,1.6,,
DOF,-0.5299685,0.25783992,,,2.277732,,5.291,,,,13.574,3.341,20456323072,,114226028,0.85,,,-,,,,,1546214400,2018-05-25,1:10,,1,,,1569801600,-2596999936,1609372800,,4,0.2676243,,-0.42414,,307763008,,,-,,,,,,-8.632,,
FRO,1.2019794,0.25783992,,,0.844036,,7.163,,,,78.116,24.966,20857090048,,89495187,0.43,,,-,,,,,1546214400,2016-02-04,1:5,,1,,,1569801600,56531000,1609372800,,2,12.8368,,0.06767,,197692000,,,-,,,,,,0.326,,
FLNG,-0.28699553,0.25783992,,,0.142729,,15.168,,,-0.603,72.518,47.908,4985966592,,29379883,0.14,,,-,,,,,1546214400,2019-03-11,1:10,,1,,,1569801600,8349000,1609372800,,2,4.94462,,0.08022001,,54110600,,,-,,,,,,0.15,,
SATS,Infinity,0.25783992,,,,,-0.971,,,-0.404,17.321,2.181,8300359168,,27034355,,,,-,,,,,1546214400,-,,,1,,,1569801600,19347000,1609372800,,2,,,0.00508,,0,,,-,,,,,,0.172,,
HSPG,0.3225807,0.25783992,,,0.212145,,945.896,,,-0.031,,2.904,397067712,,446385,11.8,,,-,,,,,1546214400,-,,,1,,,1569801600,7356000,1609372800,,2,0.13003545,,0.37978,,687900,,,-,,,,,,10.693,,
SBTE,0.12446356,0.25783992,,,,,313.526,,,0,,10.165,7386720768,,10184879,,,,-,,,,,1546214400,-,,,1,,,1569801600,125360000,1609372800,,2,0.4210177,,0.42771998,,10898600,,,-,,,,,,15.338,,
PLT,1.8392856,0.25783992,,,,,19.955,,,,-9.744,377.405,567616960,,4039109,,,,-,,,,,1546214400,-,,,1,,,1569801600,-58954000,1609372800,,2,3.7083437,,0,,8116590,,,-,,,,,,-7.262,,
ROM,0.039215684,0.25783992,,,-0.553036,,0.574,,,,,,87699696,,9138143,,,,-,,,,,1546214400,2013-12-18,1:2,,1,,,1569801600,,1609372800,,4,4.076655,,0,,41367800,,,-,,,,,,0.041,,
ARCUS,-0.102091074,0.25783992,,,-0.051463,,23.367,,,0.062,13.69,1.565,4301717504,,24561294,3.34,,,-,,,,,1546214400,-,,,1,,,1569801600,135063008,1609372800,,2,1.5192364,,0.04913,,68013200,,,-,,,,,,1.902,,
SNI,0.22549021,0.25783992,,,0.958704,,22.504,,,0.225,25.347,4.741,9795252224,,25128270,1.5,,,-,,,,,1543536000,-,,,1,,,1567209600,18692000,1606694400,,2,5.3323855,,0.00908,,59023800,,,-,,,,,,0.308,,
NATTO,-0.14285713,0.25783992,,,0.781376,,6.174,,,,18.583,1.199,143293760,,7888263,-0.07,,,-,,,,,1546214400,2011-11-03,1:100,,1,,,1569801600,4654000,1609372800,,2,1.1985748,,0.03894,,19407800,,,-,,,,,,0.23,,
GRONG-ME,0.047619104,0.25783992,,,-0.081177,,234.875,,,0.027,,8.193,1413709312,,1992599,,,,-,,,,,1546214400,-,,,1,,,1569801600,53603000,1609372800,,2,0.46833423,,0.30363,,,,,-,,,,,,18.033,,
AKA,-0.25405848,0.25783992,,,0.4834,,15.938,,,,12.984,1.003,4908093952,,136630586,0.4,,,-,,,,,1546214400,2007-03-30,5:1,,1,,,1569801600,-278000000,1609372800,,2,0.5609236,,-0.10441,,271609984,,,-,,,,,,-1.881,,
INSR,-0.14441419,0.25783992,,,0.239676,,2.088,,,,-3.647,0.124,103559432,,124509399,0.66,,,-,,,,,1546214400,2016-10-19,1:10,,1,,,1569801600,-57113000,1609372800,,2,2.95977,,-0.10568,,148167008,,,-,,,,,,-0.662,,
SBVG,0.09510875,0.25783992,,,0.400809,,81.579,,,-0.119,,8.473,10168772608,,56984308,4.12,,,-,,,,,1546214400,2011-11-07,6:5,,1,,,1569801600,289670016,1609372800,,2,0.49032226,,0.42745999,,63101400,,,-,,,,,,4.591,,
SUSB-ME,,,,,,,,,,,,,,,,,,,,,,,,,,,,,,,,,,,,,,,,,,,,,,,,,,,
PRS,-0.80077124,0.25783992,,,0.643724,,0.161,,,,11.396,5.482,1486073216,,85019089,-0.95,,,-,,,,,1546214400,2016-12-06,1:100,,1,,,1569801600,-412400000,1609372800,,4,21.490685,,-1.5212101,,81864200,,,-,,,,,,-4.461,,
LIFE-ME,0.96428573,0.25783992,,,,,0.275,,,,,531.196,248804128,,,,,,-,,,,,1546214400,2019-02-07,1:4,,1,,,1561852800,-9576239,1609372800,,4,11.927273,,0,,80901200,,,-,,,,,,-0.109,,
NKR,Infinity,0.25783992,,,-0.200809,,1.699,,,26.565,-4.287,-0.262,-55740148,,47238782,,,,-,,,,,1546214400,-,,,1,,,1569801600,-13343000,1609372800,,4,1.241907,,0.5348,,105613000,,,-,,,,,,1.125,,
VVL,0.11428571,0.25783992,,,0.175708,,268.474,,,-0.01,,12.542,1323572224,,1692726,18.25,,,-,,,,,1546214400,2014-05-13,20:1,,1,,,1569801600,43355000,1609372800,,2,0.58106184,,0.41081002,,2203960,,,-,,,,,,22.81,,
JAEREN,0.14705884,0.25783992,,,0.256165,,360.011,,,0.341,,10.608,3574808832,,1005685,14.04,,,-,,,,,1546214400,-,,,1,,,1569801600,74823000,1609372800,,2,0.4360978,,0.41518003,,4932430,,,-,,,,,,14.922,,
MORG,0.11538458,0.25783992,,,0.100404,,694.272,,,0.208,,20.365,30771017728,,7464344,30.98,,,-,,,,,1546214400,-,,,1,,,1569801600,321000000,1609372800,,2,0.45947412,,0.43812,,9861700,,,-,,,,,,32.558,,
TIETOO,Infinity,0.25783992,,,0.476923,,,,,-0.339,,,21515669504,,46755545,,,,-,,,,,1546214400,-,,,1,,,1569801600,,1609372800,,2,,,0.0636,,118254000,,,-,,,,,,,,
SVEG,0.22761202,0.25783992,,,0.208906,,273.203,,,0.211,,25.459,102244777984,,35479863,6.32,,,-,,,,,1546214400,2010-05-20,2:1,,1,,,1569801600,445000000,1609372800,,2,0.24011448,,0.49228,,107319000,,,-,,,,,,7.159,,
CARA,Infinity,0.25783992,,,0.202429,,2.115,,,3.717,44.489,10.108,441068000,,13241402,,,,-,,,,,1546214400,2019-05-23,1:4,,1,,,1569801600,608000,1609372800,,2,5.106383,,0.01393,,40633800,,,-,,,,,,0.015,,
GENT-ME,Infinity,0.25783992,,,-0.179616,,13.926,,,,-23.733,16.727,737194944,,5851528,,,,-,,,,,1546214400,-,,,1,,,1569801600,-45828352,1609372800,,2,4.136148,,-1.03986,,15402700,,,-,,,,,,-2.977,,
CRAYON,2.8895707,0.25783992,,,1.40325,,7.898,,,,33.378,0.444,5416811520,,30143187,1.07,,,-,,,,,1546214400,-,,,1,,,1569801600,25424000,1609372800,,2,7.7741203,,0.00208,,76550000,,,-,,,,,,0.329,,
POL,0.453125,0.25783992,,,0.136032,,47.868,,,8.854,28.269,1.065,2147482752,,10751434,,,,-,,,,,1546214400,-,,,1,,,1569801600,173060992,1609372800,,2,0.77713716,,0.0858,,48763400,,,-,,,,,,3.359,,
LAVO-ME,-0.7617978,0.25783992,,,,,-0.498,,,,-0.409,461.068,11390691,,37822171,,,,-,,,,,1546214400,-,,,1,,,1546214400,-28799496,1609372800,,4,,,0,,151838000,,,-,,,,,,-0.758,,
AKVA,0.09467459,0.25783992,,,0.038866,,32.93,,,0.486,11.293,1.126,3543555072,,8181678,5.73,,,-,,,,,1546214400,-,,,1,,,1569801600,118348000,1609372800,,2,2.2168236,,0.0376,,33334300,,,-,,,,,,3.56,,
EMAS,,,,,,,,,,,,,,,,,,,,,,,,,,,,,,,,,,,,,,,,,,,,,,,,,,,
BMA,0.011428595,0.25783992,,,0.331174,,120.319,,,0.121,5.717,0.481,871977984,,371149,,,,-,,,,,1546214400,-,,,1,,,1569801600,61985000,1609372800,,2,0.7355447,,0.03422,,6983320,,,-,,,,,,8.769,,
ATEA,0.10260868,0.25783992,,,0.295546,,25.71,,,0.467,15.615,0.434,15880510464,,81851525,6.93,,,-,,,,,1546214400,2006-06-02,1:10,,1,,,1569801600,516000000,1609372800,,2,4.815247,,0.014090001,,109701000,,,-,,,,,,4.684,,
PARB,0.3227551,0.25783992,,,,,45.71,,,0.406,,13.323,8827284480,,52904950,5.72,,,-,,,,,1577750400,-,,,1,,,1577750400,397628992,1640908800,,2,0.99540585,,0.60012,,69851696,,,-,,,,,,5.57,,
SPOL,0.18019092,0.25783992,,,0.504906,,135.354,,,0.136,,11.892,50124566528,,54011431,8.88,,,-,,,,,1546214400,-,,,1,,,1569801600,1382000000,1609372800,,2,0.72772133,,0.46382,,115830000,,,-,,,,,,11.354,,
AKERBP,0.049475312,0.25783992,,,1.217004,,6.792,,,,49.158,32.037,104057151488,,107413688,,,,-,,,,,1546214400,2009-12-23,1:1,,1,,,1569801600,93021000,1609372800,,2,39.51708,,0.02864,,360113984,,,-,,,,,,0.258,,
AVM,,,,,,,,,,,,,,,,,,,,,,,,,,,,,,,,,,,,,,,,,,,,,,,,,,,
ASA-ME,0.5333333,0.25783992,,,0.536499,,3.032,,,,-1208.884,3875.709,9782288384,,39281684,,,,-,,,,,1546214400,-,,,1,,,1561852800,-14807000,1609372800,,2,45.184696,,0,,71276096,,,-,,,,,,-0.234,,
AURG,0.11571038,0.25783992,,,-0.136032,,533.164,,,0.166,,13.895,3318404096,,2169668,14.03,,,-,,,,,1546214400,-,,,1,,,1569801600,49356000,1609372800,,2,0.3732435,,0.46105,,2380850,,,-,,,,,,20.73,,
DAT,1.0221722,0.25783992,,,0.690688,,13.198,,,0.632,17.783,2.097,3735851520,,61726032,1.85,,,-,,,,,1546214400,-,,,1,,,1569801600,106072000,1609372800,,2,3.6293378,,0.05954,,75510496,,,-,,,,,,1.626,,
BSP-ME,0.026086926,0.25783992,,,-11.622199,,11.848,,,,,,119556384,,2090193,,,,-,,,,,1546214400,2019-07-31,1:25,,1,,,1561852800,-5917000,1609372800,,2,0.49797437,,0,,9180540,,,-,,,,,,-2.682,,
NOFI,0.37708485,0.25783992,,,0.703643,,48.154,,,0.178,,5.25,20321607680,,120378632,10.7,,,-,,,,,1546214400,-,,,1,,,1569801600,1938237952,1609372800,,2,1.935457,,0.50078,,186695008,,,-,,,,,,10.38,,
ZWIPE-ME,Infinity,0.25783992,,,,,5.02,,,,-0.189,7.198,14015084,,9136289,,,,-,,,,,1546214400,-,,,1,,,1561852800,-78317000,1609372800,,2,1.2749004,,0,,15953300,,,-,,,,,,-4.911,,
ELE,-0.5734241,0.25783992,,,4.485829,,0.727,,,,-25.059,473.972,93846376,,11714639,,,,-,,,,,1546214400,2019-04-25,1:20,,1,,,1569801600,-10651000,1609372800,,2,7.5997252,,0,,18577000,,,-,,,,,,-0.897,,
AQUA,0.04662001,0.25783992,,,0.809716,,0.604,,,,324.099,3.91,179226640,,12853761,0.14,,,-,,,,,1546214400,-,,,1,,,1569801600,11301000,1609372800,,4,7.0033116,,0.24655001,,70316400,,,-,,,,,,0.057,,
MPCC,-0.3552631,0.25783992,,,0.924721,,5.028,,,,66.576,9.787,1888958336,,49187490,0.34,,,-,,,,,1546214400,-,,,1,,,1569801600,-30705000,1609372800,,2,3.7788386,,-0.15909,,83901904,,,-,,,,,,-0.395,,
SOLON,0.07152867,0.25783992,,,-0.440968,,15.541,,,-0.685,25.753,4.072,5240252928,,19437820,2.79,,,-,,,,,1546214400,2017-03-27,1:200,,1,,,1569801600,73414000,1609372800,,2,2.4837525,,0.05704,,69876800,,,-,,,,,,1.159,,
REACH,-0.3231132,0.25783992,,,0.387044,,1.327,,,-0.483,11.303,0.566,334568512,,56429371,,,,-,,,,,1546214400,2012-12-06,1:20,,1,,,1569801600,-17233000,1609372800,,4,1.0926903,,-0.02913,,143546000,,,-,,,,,,-0.125,,
BRA-ME,-0.96484846,0.25783992,,,0.888663,,1.69,,,,,0.789,160371536,,345199109,,,,-,,,,,1546214400,-,,,1,,,1569801600,6903000,1609372800,,4,0.36982247,,0.033940002,,495919008,,,-,,,,,,0.014,,
SRBANK,0.13591158,0.25783992,,,0.482591,,92.486,,,-0.065,,22.593,141049905152,,174263313,,,,-,,,,,1546214400,2007-10-29,2:1,,1,,,1569801600,3140000000,1609372800,,2,1.0612417,,0.50713,,255660000,,,-,,,,,,12.346,,
NEXT,-0.6332418,0.25783992,,,2.615384,,4.336,,,,-0.352,0.471,49222952,,33598756,-6.1,,,-,,,,,1546214400,-,,,1,,,1569801600,-155683008,1609372800,,4,0.8763838,,-1.49009,,42930600,,,-,,,,,,-4.612,,
VOW,,,,,,,,,,,,,,,,,,,,,,,,,,,,,,,,,,,,,,,,,,,,,,,,,,,
EPR,0.42416668,0.25783992,,,0.711797,,10.224,,,0.399,14.095,1.52,9383414784,,158249198,2.59,,,-,,,,,1546214400,-,,,1,,,1569801600,387220992,1609372800,,2,3.2394366,,0.06272,,165819008,,,-,,,,,,2.398,,
RISH,0.33561635,0.25783992,,,0.533603,,21.008,,,,21.46,7.811,1784350976,,5049248,,,,-,,,,,1546214400,2007-04-13,10:1,,1,,,1569801600,276171008,1609372800,,2,0.4641089,,1.2089,,86032496,,,-,,,,,,3.461,,
SOGN,-0.009433985,0.25783992,,,-0.0834,,1411.696,,,3.58,,-5.566,-742293504,,382017,,,,-,,,,,1546214400,-,,,1,,,1569801600,4659000,1609372800,,2,0.07437862,,0.26904,,632500,,,-,,,,,,7.366,,
AEGA,0.15999997,0.25783992,,,-0.608906,,0.165,,,24.748,,,56116100,,26011264,,,,-,,,,,1546214400,-,,,1,,,1569801600,,1609372800,,4,6.8484845,,0.41834998,,48050800,,,-,,,,,,-0.058,,
