ticker,name,sector,last_,buy,sell,tradecount,info,marketcap,profit_today,profit_1wk,profit_1month,profit_ytd,profit_1yr
2020,2020 Bulkers,Industrials,74.0,74.4,77.0,6,,1640.65,-0.0513,-0.0513,-0.1153,-0.1516,
FIVEPG,5th Planet Games,Communication services,0.42,0.39,0.4,7,LP,22.35,0.04,0.20579999999999998,0.1954,0.1274,-0.7227
AASB-ME,Aasen Sparebank,Equity certificates,134.0,130.0,138.0,0,LP,135.86,,,0.0388,0.0388,0.2622
ASC,ABG Sundal Collier Holding,Financials,4.01,4.01,4.03,48,,1831.24,-0.024300000000000002,-0.0302,0.0088,0.005,-0.0187
ADE,Adevinta,Communication services,107.4,107.4,108.0,60,,73563.47,-0.0147,0.0037,0.042699999999999995,0.0327,
ADSC-ME,ADS Crude Carriers,Energy,26.6,26.6,26.8,95,,622.18,-0.05,-0.09519999999999999,-0.0362,-0.0764,0.36560000000000004
AEGA,Aega,Utilities,1.13,1.13,1.19,6,,54.30,-0.0259,-0.0583,0.0273,-0.0583,0.3152
AFG,AF Gruppen,Industrials,174.0,173.5,174.0,14,,17929.30,-0.011399999999999999,0.0029,-0.005699999999999999,-0.011399999999999999,0.32659999999999995
AKA,Akastor,Energy,8.94,8.88,8.94,38,,2428.19,-0.027200000000000002,-0.0418,-0.0377,-0.10060000000000001,-0.2814
AKER,Aker,Financials,516.5,516.0,517.0,450,,38359.67,-0.0282,-0.0834,-0.0346,-0.049699999999999994,-0.0872
AKERBP,Aker BP,Energy,268.7,268.6,268.8,1709,,96762.50,-0.04,-0.0922,-0.0667,-0.0667,0.0361
AKSO,Aker Solutions,Energy,20.07,20.03,20.06,413,,5457.89,-0.04019999999999999,-0.0935,-0.1642,-0.1885,-0.5659000000000001
AKVA,AKVA Group,Industrials,73.0,72.8,73.8,2,LP,2416.77,-0.013500000000000002,-0.026699999999999998,-0.021400000000000002,-0.013500000000000002,0.1057
AMSC,American Shipping Company,Industrials,31.35,31.35,31.5,37,,1900.33,-0.0264,-0.0471,-0.048600000000000004,-0.045700000000000005,0.043899999999999995
ABT,Aqua Bio Technology,Materials,2.62,2.6,2.66,4,LP,40.23,-0.0438,-0.0775,0.0917,0.1197,0.0077
AQUA,AqualisBraemar,Energy,4.23,4.23,4.6,1,,297.44,-0.0579,-0.013999999999999999,0.1463,0.0874,-0.013999999999999999
ARCHER,Archer,Energy,2.9,2.91,2.95,97,,429.01,-0.0705,-0.1131,-0.0397,-0.08810000000000001,-0.4165
ARCUS,Arcus,Consumer staples,35.9,35.6,35.9,17,,2434.04,-0.008199999999999999,-0.024300000000000002,0.005600000000000001,-0.008199999999999999,-0.0731
AFK,Arendals Fossekompani,Industrials,2650.0,2610.0,2650.0,1,,5801.96,0.0,0.0038,-0.011200000000000002,0.0076,-0.20550000000000002
ASETEK,Asetek,Information technology,31.0,30.75,31.0,38,,767.47,0.0181,0.0032,0.0708,0.0,-0.2749
ATEA,Atea,Information technology,123.8,123.8,124.2,91,,13580.93,-0.023700000000000002,-0.0096,-0.0462,-0.0373,0.1268
ATLA NOK,Atlantic Petroleum,Energy,8.3,7.3,8.45,2,,30.69,-0.0292,0.11410000000000001,-0.0235,0.057300000000000004,-0.0292
ASA-ME,Atlantic Sapphire,Consumer staples,137.0,135.5,137.0,42,,9764.83,-0.0072,0.0111,0.0703,0.062,0.5222
AURG,Aurskog Sparebank,Equity certificates,199.0,196.0,200.0,1,LP,639.62,-0.005,-0.005,0.0529,0.0529,0.1747
AUSS,Austevoll Seafood,Consumer staples,92.05,91.95,92.15,164,,18577.91,-0.0229,-0.0011,0.0044,0.020499999999999997,-0.1374
AVANCE,Avance Gas Holding,Energy,48.95,48.95,49.0,921,,3115.98,-0.061500000000000006,-0.0506,-0.0394,-0.024,2.7337000000000002
AVM,Avocet Mining PLC,Materials,1.56,,,0,,32.51,,,,,
AWDR,Awilco Drilling,Energy,13.2,13.2,13.7,6,,720.48,-0.04,-0.0365,-0.07690000000000001,-0.1484,-0.5286
ALNG,Awilco LNG,Energy,2.32,2.32,2.35,25,,307.51,-0.0453,-0.11789999999999999,-0.254,-0.275,-0.5043
AXA,Axactor,Financials,17.7,17.6,17.7,126,,2750.50,-0.0484,-0.038,-0.0733,-0.0684,-0.1148
AGS,Axxis Geo Solutions,Energy,0.95,0.95,0.96,47,,56.12,-0.046,-0.0647,0.1067,-0.2368,-0.9991
B2H,B2Holding,Financials,7.8,7.78,7.8,206,,3197.47,-0.0429,-0.10859999999999999,-0.1925,-0.1837,-0.3737
BAKKA,Bakkafrost,Consumer staples,682.5,682.0,682.5,367,,40364.08,-0.0173,-0.0029,0.0436,0.05,0.6728000000000001
BALT-ME,Baltic Sea Properties,Real estate,32.8,28.4,32.0,0,,218.70,,,,,
BEL,Belships,Industrials,6.9,6.8,6.9,8,LP,1460.57,-0.0143,-0.0282,-0.0282,-0.0483,0.4347
BGBIO,BerGenBio,Health care,19.28,19.2,19.28,152,,1177.56,-0.0663,-0.12359999999999999,-0.1967,-0.2082,-0.2527
BIOTEC,Biotec Pharmacon,Health care,6.18,6.22,6.3,43,,298.71,0.0,0.1075,0.3435,0.3011,0.3982
BSP-ME,Black Sea Property,Consumer discretionary,5.9,3.52,5.9,0,,54.17,,,,,
BON,Bonheur,Industrials,207.0,207.0,208.0,306,,8804.10,-0.0591,-0.0417,0.04019999999999999,0.04019999999999999,0.8933
BOR,Borgestad,Materials,18.5,18.3,18.9,7,LP,234.75,-0.0263,-0.0365,-0.06570000000000001,-0.075,0.0285
BDRILL,Borr Drilling,Energy,61.01,61.01,61.59,151,,6761.03,-0.057300000000000004,-0.1131,-0.1972,-0.19469999999999998,-0.4351
BRG,Borregaard,Materials,88.45,88.4,88.7,70,,8812.56,-0.0216,-0.0354,-0.0729,-0.0689,0.2114
BOUVET,Bouvet,Information technology,381.0,381.0,389.0,17,,3905.07,-0.0231,-0.018000000000000002,-0.0104,-0.018000000000000002,0.856
BRA-ME,BRAbank,Financials,0.63,0.6,0.63,3,,309.95,0.0776,0.0417,0.255,0.3528,-0.5993999999999999
BWLPG,BW LPG,Energy,69.5,69.35,69.5,912,,9633.96,-0.0747,-0.050199999999999995,-0.0691,-0.0521,1.9324000000000001
BWO,BW Offshore Limited,Energy,54.55,54.5,54.6,779,,10089.28,-0.059500000000000004,-0.1543,-0.1659,-0.17350000000000002,0.36369999999999997
BMA,Byggma,Industrials,88.5,88.0,90.5,0,,618.02,,,-0.0484,-0.038,0.022099999999999998
CARA,Carasent,Health care,10.8,10.5,10.8,20,,438.85,-0.0182,0.0746,0.08650000000000001,0.1066,4.2941
COV,ContextVision,Health care,92.5,92.0,93.5,23,LP,715.65,-0.0464,-0.056100000000000004,-0.10189999999999999,-0.1106,0.5214
CRAYON,Crayon Group Holding,Information technology,61.4,61.4,61.8,73,,4695.99,-0.0315,0.009899999999999999,0.1808,0.1808,2.8375
DAT,Data Respons,Information technology,47.9,47.9,48.0,30,,3616.95,0.0,0.0,0.0063,0.0,1.2235
DNB,DNB,Financials,158.85,158.75,158.8,1137,,249333.09,-0.0158,-0.0264,-0.0296,-0.032,0.0999
DNO,DNO,Energy,9.54,9.53,9.54,804,,9305.63,-0.0359,-0.085,-0.16010000000000002,-0.1736,-0.3954
DOF,DOF,Energy,1.42,1.39,1.45,81,,435.79,-0.049699999999999994,-0.023399999999999997,-0.2133,-0.0981,-0.5689
EAM,EAM Solar,Utilities,15.25,15.25,15.5,17,,104.50,-0.0528,-0.046900000000000004,0.3261,0.3034,-0.5832999999999999
EIOF,Eidesvik Offshore,Energy,5.6,5.6,5.68,10,,348.04,-0.024399999999999998,-0.0311,0.157,0.0687,0.16670000000000001
EMGS,Electromagnetic Geoservices,Energy,1.9,1.9,1.93,9,,248.84,-0.0594,-0.0078000000000000005,0.027000000000000003,-0.0909,0.19870000000000002
ELE,Element,Materials,5.53,5.54,5.94,37,,102.63,-0.0722,-0.06280000000000001,-0.051500000000000004,-0.0009,-0.6225999999999999
ELK,Elkem,Materials,23.98,23.92,23.98,490,,13939.82,-0.034,-0.0635,-0.0042,-0.0347,0.1186
EMAS,EMAS Offshore,Energy,0.29,,,0,,127.15,,,,,
ENDUR,Endúr,Energy,1.02,1.03,1.08,13,LP,216.89,-0.0642,-0.1392,-0.1356,-0.1245,-0.21539999999999998
ENTRA,Entra,Real estate,156.8,156.8,157.0,154,,28541.50,-0.0013,0.0116,0.0814,0.0814,0.3552
EPIC-ME,Epic Gas,Energy,14.6,14.1,14.6,0,LP,1556.60,,,0.0,0.0,0.5699000000000001
EQNR,Equinor,Energy,174.85,174.8,174.9,2535,,578350.15,-0.0273,-0.039,-0.011000000000000001,-0.0034000000000000002,-0.0294
EPR,Europris,Consumer discretionary,33.12,33.06,33.12,266,,5491.91,-0.0316,-0.0161,-0.027000000000000003,-0.0406,0.488
FJORD,Fjord1,Industrials,37.0,35.8,37.0,4,,3696.05,-0.0027,-0.008,0.042300000000000004,0.0109,-0.0633
FKRAFT,Fjordkraft Holding,Utilities,59.5,59.4,59.7,79,,6217.52,-0.019799999999999998,-0.013300000000000001,0.056900000000000006,0.0241,0.7745000000000001
FLNG,FLEX LNG,Energy,75.0,74.7,75.0,355,,4058.29,-0.0591,-0.1442,-0.22,-0.1771,-0.3644
FRO,Frontline,Energy,92.1,91.95,92.1,2141,,18207.46,-0.0613,-0.1467,-0.1736,-0.17129999999999998,0.9895
FUNCOM,Funcom,Communication services,16.96,16.94,16.96,166,,1310.79,0.0,0.2535,0.29469999999999996,0.2897,0.35200000000000004
GIG,Gaming Innovation Group,Consumer discretionary,6.4,6.33,6.42,10,,571.45,0.0,-0.0973,-0.17420000000000002,-0.2186,-0.6404000000000001
RISH,GC Rieber Shipping,Industrials,9.75,8.7,9.85,0,,838.82,,,0.1272,0.18899999999999997,0.3356
GENT-ME,Gentian Diagnostics,Health care,57.6,57.6,58.6,4,,887.20,-0.0171,-0.023700000000000002,-0.068,-0.07690000000000001,0.056900000000000006
GJF,Gjensidige Forsikring,Financials,199.45,199.35,199.45,700,,99723.25,-0.003,0.0355,0.07980000000000001,0.0833,0.47159999999999996
GEOS-ME,Golden Energy Offshore Services,Energy,3.36,3.36,3.94,3,,119.00,,-0.0718,-0.16,-0.0667,
GOGL,Golden Ocean Group,Industrials,39.6,39.56,39.6,757,,5673.80,-0.0613,-0.1602,-0.2304,-0.2243,-0.1893
GOD,Goodtech,Industrials,6.7,6.55,6.7,5,LP,151.52,0.0152,0.0152,-0.0429,-0.0219,0.5297
GSF,Grieg Seafood,Consumer staples,143.2,143.2,143.4,124,,15814.09,-0.0028000000000000004,0.0077,0.0085,0.0207,0.3557
GRONG-ME,Grong Sparebank,Equity certificates,110.0,105.0,110.0,0,LP,326.97,,,0.018500000000000003,0.018500000000000003,0.1195
GYL,Gyldendal,Consumer discretionary,450.0,432.0,486.0,0,,1038.21,,,,0.0,
HAFNIA,Hafnia Limited,Energy,23.8,23.78,23.8,82,,8811.81,-0.0537,-0.12210000000000001,-0.125,-0.1282,
HAVI,Havila Shipping,Energy,3.29,3.07,3.29,7,,78.22,0.0478,-0.032400000000000005,0.0894,0.10769999999999999,-0.2832
HYARD,Havyard Group,Industrials,2.85,2.75,2.85,9,,70.47,-0.0172,-0.0339,-0.1038,-0.1038,-0.7245999999999999
HELG,Helgeland Sparebank,Equity certificates,84.5,84.0,84.5,12,LP,1759.54,-0.0231,0.0242,0.0305,0.006,0.22469999999999998
HEX,Hexagon Composites,Industrials,32.75,32.7,32.85,294,,5938.09,-0.0339,-0.1438,-0.0877,-0.099,0.1909
HIDDN,Hiddn Solutions,Information technology,1.68,1.64,1.68,54,,39.05,-0.04,-0.0118,0.3395,0.2588,-0.8814
HBC,Hofseth BioCare,Health care,9.26,9.24,9.34,41,,3017.05,-0.038900000000000004,-0.027000000000000003,0.024,0.042199999999999994,2.7670999999999997
HUNT,Hunter Group,Energy,4.83,4.81,4.83,568,,2779.00,-0.08,-0.1375,-0.087,-0.1186,0.5115999999999999
HLNG,Höegh LNG Holdings,Energy,28.6,28.6,28.95,46,,2178.75,-0.0467,-0.0877,-0.1307,-0.1463,-0.23739999999999997
HSPG,Høland og Setskog Sparebank,Equity certificates,123.0,123.0,125.0,0,,84.61,,,0.0603,0.0513,0.4203
ICE,Ice Group,Communication services,17.2,17.0,17.15,4,LP,3469.14,-0.0143,-0.0703,-0.11789999999999999,-0.12240000000000001,
IDEX,IDEX Biometrics,Information technology,0.98,0.97,0.98,176,,703.63,-0.0541,-0.1042,-0.2097,-0.23440000000000003,-0.6938
INC,Incus Investor,Materials,0.89,0.82,0.89,5,,95.68,0.0659,0.023,0.09880000000000001,0.1125,0.11810000000000001
INDUCT-ME,Induct,Information technology,4.0,3.7,3.98,10,,42.90,-0.0796,-0.06570000000000001,-0.056100000000000004,-0.1957,-0.2469
INFRNT,Infront,Financials,23.8,22.4,23.0,0,LP,1033.52,,,-0.063,-0.063,0.0922
INSR,Insr Insurance Group,Financials,6.18,6.1,6.18,3,,915.67,-0.0159,-0.055,-0.0693,-0.11460000000000001,-0.17600000000000002
IOX,Interoil Exploration and Production,Energy,3.04,3.04,3.12,29,,465.33,-0.0204,0.0146,0.253,0.0909,-0.0173
ITE,Itera,Information technology,10.6,10.25,10.6,5,,862.79,0.0,-0.0364,-0.0783,-0.0783,0.43090000000000006
JPK-ME,J.P. Kenny Petroleum,Energy,6.0,3.02,,0,,63.88,,,,,
JIN,Jinhui Shipping and Transportation,Industrials,4.65,4.65,4.69,30,,507.51,-0.0323,-0.0673,-0.1555,-0.12029999999999999,-0.41490000000000005
JAEREN,Jæren Sparebank,Equity certificates,157.0,155.0,158.0,1,LP,774.39,,0.0329,0.0129,0.026099999999999998,0.21780000000000002
KAHOOT-ME,Kahoot!,Communication services,75.0,75.0,75.1,156,,9701.96,-0.026000000000000002,0.07139999999999999,0.2255,0.1364,
KID,Kid,Consumer discretionary,59.4,59.4,60.4,21,,2414.32,-0.045,-0.0294,0.2122,0.19519999999999998,0.7495999999999999
KIT,Kitron,Information technology,10.66,10.66,10.68,103,,1909.25,-0.0202,-0.0111,0.0038,-0.030899999999999997,0.2964
KCC,Klaveness Combination Carriers,Industrials,42.8,42.8,43.5,7,,2055.56,-0.046799999999999994,-0.09699999999999999,-0.0489,-0.10830000000000001,
KOMP,Komplett Bank,Financials,10.92,10.92,11.0,74,,2010.59,-0.0667,-0.1264,-0.1093,-0.125,-0.11220000000000001
KOA,Kongsberg Automotive,Consumer discretionary,5.33,5.33,5.36,73,,2387.27,-0.0482,-0.0698,-0.0842,-0.1305,-0.2807
KOG,Kongsberg Gruppen,Industrials,142.8,142.6,142.9,290,,25700.19,-0.0212,-0.0292,0.0281,0.0355,0.2322
KVAER,Kværner,Energy,10.12,10.11,10.12,109,,2711.21,-0.0288,-0.055099999999999996,-0.0716,-0.08990000000000001,-0.0697
LAVO-ME,Lavo.tv,Communication services,0.04,0.04,0.04,6,LP,6.47,0.004699999999999999,-0.16140000000000002,-0.26039999999999996,-0.29,-0.7606999999999999
LSG,Lerøy Seafood Group,Consumer staples,60.2,60.18,60.22,458,,35847.65,-0.0179,-0.0043,0.0097,0.0346,-0.0774
LIFE-ME,Lifecare,Health care,3.28,2.9,3.28,11,,265.43,-0.0060999999999999995,-0.052000000000000005,-0.0060999999999999995,-0.0060999999999999995,-0.5638000000000001
LSTSB-ME,Lillestrøm Sparebank,Equity certificates,126.0,123.0,127.0,0,LP,126.00,,,,0.05,0.2273
MGN,Magnora,Energy,7.45,7.45,7.8,2,,391.76,-0.057,-0.1387,-0.0067,0.0643,0.33409999999999995
MSEIS,Magseis Fairfield,Energy,4.29,4.23,4.3,28,,794.38,-0.0316,-0.1209,-0.10060000000000001,-0.26030000000000003,-0.7617
MEDI,Medistim,Health care,216.0,214.0,218.0,83,,3930.95,0.0286,0.08,0.1489,0.125,2.2388
MELG,Melhus Sparebank,Equity certificates,139.0,139.0,140.0,1,LP,385.02,-0.0070999999999999995,0.0146,-0.014199999999999999,-0.014199999999999999,0.19269999999999998
MOWI,Mowi,Consumer staples,224.3,224.3,224.4,1167,,115988.02,0.0,0.0058,-0.0311,-0.0171,0.25429999999999997
MPCC,MPC Container Ships,Industrials,19.0,18.85,19.35,7,LP,1594.14,-0.0077,-0.0782,-0.0694,-0.0177,-0.35600000000000004
MULTI,Multiconsult,Industrials,76.0,74.6,75.8,21,,2047.67,0.0,0.027000000000000003,0.0674,0.0556,0.3421
NAPA,Napatech,Information technology,4.62,4.54,4.62,28,,383.73,-0.0274,0.0176,-0.0128,-0.010700000000000001,0.6934
NATTO,NattoPharma,Consumer staples,7.4,7.35,7.45,8,LP,143.62,-0.0513,-0.057300000000000004,-0.11900000000000001,-0.013300000000000001,-0.18230000000000002
NAVA,Navamedic,Health care,18.8,17.6,18.8,9,,228.28,-0.0053,0.016200000000000003,-0.0529,0.016200000000000003,0.841
NKR,Nekkar,Industrials,2.11,2.11,2.13,15,,222.84,-0.0495,-0.0622,0.06570000000000001,0.029300000000000003,-0.2169
NEL,NEL,Industrials,8.95,8.95,8.96,4295,,11734.32,-0.0888,-0.1429,0.0467,0.0334,0.578
NEXT,NEXT Biometrics Group,Information technology,3.8,3.78,3.82,37,,163.14,-0.0512,-0.05,-0.042800000000000005,0.0556,-0.657
NISB-ME,Nidaros Sparebank,Equity certificates,128.0,123.0,130.0,0,LP,143.24,,,,0.1429,
NORBIT,NORBIT,Information technology,19.5,19.5,19.8,10,LP,1107.46,-0.024900000000000002,-0.0151,0.0127,-0.024900000000000002,
NOM,Nordic Mining,Materials,3.5,3.48,3.5,185,,590.77,0.0294,0.1589,0.6587999999999999,0.6355,0.5383
NANO,Nordic Nanovector,Health care,25.26,25.26,25.32,313,,1670.78,-0.049,-0.06860000000000001,-0.2205,-0.2048,-0.442
NOD,Nordic Semiconductor,Information technology,59.65,59.5,59.65,169,,10478.22,-0.0197,0.0688,0.0833,0.0736,1.0034
NHY,Norsk Hydro,Materials,29.68,29.67,29.69,1724,,60774.22,-0.0253,-0.0797,-0.09230000000000001,-0.0904,-0.2232
NSKOG,Norske Skog,Materials,41.01,41.01,41.4,36,,3383.33,-0.0236,-0.031,-0.0463,-0.0616,
NORTH,North Energy,Energy,1.44,1.35,1.44,12,,168.26,0.0106,0.0361,0.063,-0.0682,-0.0341
NODL,Northern Drilling,Energy,16.52,16.5,16.58,95,,1776.82,-0.0646,-0.15539999999999998,-0.1981,-0.2,-0.6951999999999999
NRS,Norway Royal Salmon,Consumer staples,232.0,232.2,233.0,67,,10076.08,-0.015300000000000001,-0.0713,-0.0341,-0.0301,0.2059
NAS,Norwegian Air Shuttle,Industrials,36.21,36.22,36.28,2054,,5922.40,-0.053399999999999996,-0.1272,-0.027999999999999997,-0.0421,-0.557
NOR,Norwegian Energy Company,Energy,223.0,222.0,224.0,40,LP,5407.55,-0.0256,-0.0617,-0.0044,0.0111,-0.013000000000000001
NOFI,Norwegian Finans Holding,Financials,93.2,93.2,93.35,194,,17399.95,-0.0158,-0.0255,-0.012199999999999999,-0.0194,0.3593
NPRO,Norwegian Property,Real estate,14.45,13.9,14.45,14,,7132.89,0.0509,-0.0137,0.0321,0.039599999999999996,0.3736
NRC,NRC Group,Industrials,50.7,50.2,50.7,43,,2738.97,-0.051,-0.0346,-0.0873,-0.1208,-0.2132
NTS,NTS,Industrials,68.0,66.0,68.0,2,,4947.40,0.0074,0.0462,0.0625,0.1333,0.1433
OBSERV,Observe Medical,Health care,11.19,10.6,11.19,13,,171.68,0.0537,0.0971,-0.0009,-0.059699999999999996,
OCY,Ocean Yield,Energy,46.7,46.7,46.8,295,,8176.46,-0.03,-0.044800000000000006,-0.03,-0.0229,-0.1333
OTS,Oceanteam,Energy,4.89,4.89,5.18,6,,167.29,0.0,-0.0121,-0.0774,-0.002,-0.41590000000000005
ODL,Odfjell Drilling,Energy,24.26,24.26,24.32,65,,5744.36,-0.031200000000000002,-0.08310000000000001,-0.268,-0.2586,-0.0296
ODF,Odfjell ser. A,Industrials,28.3,28.5,29.1,3,LP,1698.57,-0.0471,-0.0691,0.0802,0.0679,-0.0241
ODFB,Odfjell ser. B,Industrials,28.2,28.2,28.6,3,LP,528.93,-0.0276,-0.0473,0.08460000000000001,0.07629999999999999,0.0070999999999999995
OKEA,OKEA,Energy,18.3,18.0,18.28,20,,1867.77,0.0011,-0.0044,0.1091,0.045700000000000005,
OET,Okeanis Eco Tankers,Energy,93.0,93.0,93.5,170,,3044.81,-0.07919999999999999,-0.1545,-0.0882,-0.1308,0.43079999999999996
OLT,Olav Thon Eiendomsselskap,Real estate,170.0,169.2,170.0,23,,17615.94,-0.0151,-0.0116,0.030299999999999997,0.0131,0.23329999999999998
ORK,Orkla,Consumer staples,88.48,88.44,88.52,767,,88507.06,-0.002,0.0137,-0.018600000000000002,-0.0045000000000000005,0.35109999999999997
OTELLO,Otello Corporation,Communication services,16.92,16.36,16.8,0,,2333.82,,,0.0393,0.0575,0.2297
PEN,Panoro Energy,Energy,18.54,18.5,18.56,121,,1272.47,-0.0472,-0.0673,-0.1583,-0.1895,0.2291
PARB,Pareto Bank,Financials,45.5,45.4,45.5,79,,3178.25,-0.0215,0.027000000000000003,0.21280000000000002,0.1813,0.303
PCIB,PCI Biotech Holding,Health care,61.7,61.4,61.7,258,,2299.31,-0.0708,-0.0508,-0.149,-0.1956,1.3022
PSE,Petrolia,Energy,2.68,2.68,2.82,2,,158.48,-0.0629,0.0,0.0,-0.1067,-0.1625
PNOR,PetroNor E&P Limited,Energy,1.0,0.98,1.0,14,,971.47,-0.009899999999999999,0.0018,0.0403,-0.019799999999999998,0.0023
PGS,PGS,Energy,19.04,19.01,19.07,324,,6446.53,-0.0554,0.0582,0.18109999999999998,0.10550000000000001,0.1222
PHLY,Philly Shipyard,Industrials,42.2,40.1,41.6,7,,510.95,-0.0495,-0.0495,0.029300000000000003,-0.011699999999999999,0.45020000000000004
PHO,Photocure,Health care,79.7,79.7,80.0,295,LP,1735.85,-0.0455,0.0487,-0.1144,-0.10949999999999999,0.8093
PPG PREF,Pioneer Property Group,Real estate,101.0,100.0,101.0,2,,491.72,0.01,0.0,0.0086,0.0,0.0556
PLCS,Polarcus,Energy,1.17,1.16,1.17,27,,601.13,-0.0282,-0.057999999999999996,-0.115,-0.12029999999999999,0.125
POL,Polaris Media,Communication services,37.2,37.0,39.4,4,,1814.00,0.0,-0.051,-0.0558,0.056799999999999996,0.5431
PLT,poLight,Information technology,73.0,72.5,73.5,258,LP,592.51,-0.0629,0.4608,1.058,0.9005,1.569
PRS,Prosafe,Energy,3.47,3.47,3.5,587,,284.07,0.129,0.09369999999999999,0.7587999999999999,0.6584,-0.7863
PROTCT,Protector Forsikring,Financials,42.2,42.2,42.42,42,,3450.35,-0.018600000000000002,-0.2369,-0.183,-0.1954,-0.11720000000000001
QFR,Q-Free,Information technology,6.85,6.5,6.85,3,,611.18,0.022400000000000003,0.0148,0.0787,0.0074,-0.0616
QEC,Questerre Energy Corporation,Energy,1.39,1.39,1.4,187,,594.79,-0.0885,0.0296,0.0451,-0.0795,-0.26839999999999997
RAKP,RAK Petroleum,Energy,10.5,10.5,10.85,16,,2041.70,-0.0789,-0.0455,-0.0625,-0.0987,-0.258
REACH,Reach Subsea,Energy,1.45,1.38,1.5,5,,208.14,0.0105,-0.0461,-0.0268,-0.0852,-0.302
REC,REC Silicon,Information technology,3.8,3.77,3.8,624,,1063.31,-0.098,0.0928,0.3789,0.41600000000000004,-0.3186
RIVER-ME,River iGaming,Consumer discretionary,16.4,14.0,14.9,0,,311.87,,,0.0446,0.025,-0.344
ROM,RomReal,Real estate,2.34,2.1,2.34,1,,96.69,0.1038,,0.0086,0.0174,0.1471
SDSD,S.D. Standard Drilling,Energy,1.22,1.22,1.25,107,,699.87,-0.015700000000000002,-0.0672,-0.0706,-0.0741,0.0889
SAGA,Saga Tankers,Financials,1.04,1.05,1.07,10,,276.80,-0.07139999999999999,-0.0877,-0.10339999999999999,-0.1186,0.0452
SALM,SalMar,Consumer staples,468.2,468.0,468.3,753,,52870.48,-0.011200000000000002,0.0067,0.027200000000000002,0.040999999999999995,0.1293
SALMON,Salmones Camanchaca,Consumer staples,74.0,74.0,75.0,9,,4884.00,-0.013300000000000001,-0.013300000000000001,0.0756,0.09789999999999999,-0.12050000000000001
SADG,Sandnes Sparebank,Equity certificates,68.0,67.5,68.0,4,,1563.75,0.0,0.0,0.0149,0.0149,0.2375
SAS NOK,SAS AB,Industrials,13.36,13.35,13.39,72,,5111.30,-0.0305,-0.083,-0.0754,-0.0735,-0.4125
SATS,SATS,Consumer discretionary,24.1,24.1,24.2,71,,4097.00,-0.0040999999999999995,-0.0203,0.0955,0.06280000000000001,
SBANK,Sbanken,Financials,71.0,71.0,71.2,49,,7587.72,-0.0274,-0.0327,-0.031400000000000004,-0.0483,-0.0352
SSO,Scatec Solar,Utilities,134.9,134.8,135.1,762,,16879.86,-0.0379,0.0282,0.1225,0.08539999999999999,0.7034999999999999
SCHA,Schibsted ser. A,Communication services,281.3,281.0,281.3,273,,29477.52,-0.0199,0.0043,0.0571,0.0603,0.2884
SCHB,Schibsted ser. B,Communication services,264.4,263.6,264.2,70,,34208.65,-0.02,-0.003,0.051699999999999996,0.05,0.3418
SBX,SeaBird Exploration,Energy,0.54,0.54,0.55,59,LP,291.56,-0.0608,-0.0968,-0.011000000000000001,-0.0425,-0.6445000000000001
SDRL,Seadrill,Energy,12.59,12.45,12.59,222,,1258.80,-0.0319,-0.22089999999999999,-0.3259,-0.39270000000000005,-0.8390000000000001
SSG,Self Storage Group,Industrials,26.8,26.4,26.9,51,,2214.14,-0.0111,0.0229,-0.0074,-0.053,0.4889
SBO,Selvaag Bolig,Real estate,53.8,53.7,53.9,180,,5026.07,-0.014499999999999999,0.044199999999999996,0.0646,0.0286,0.9702
SHLF,Shelf Drilling,Energy,20.6,20.2,20.5,21,,2808.95,-0.0507,-0.1121,0.2118,0.1573,-0.5012
SIOFF,Siem Offshore,Energy,1.23,1.22,1.41,0,,1149.73,,,-0.0611,-0.023799999999999998,-0.23600000000000002
SKUE,Skue Sparebank,Equity certificates,180.0,176.0,177.0,2,LP,338.58,0.0,0.0227,0.07139999999999999,0.0588,0.48210000000000003
SOFTOX-ME,SoftOx Solutions,Health care,27.0,27.2,28.4,0,,209.28,,,-0.2286,-0.1176,
SOGN,Sogn Sparebank,Equity certificates,105.0,103.0,106.0,0,LP,66.41,,,-0.009399999999999999,-0.0187,0.0202
SOLON,Solon Eiendom,Real estate,38.6,38.6,38.9,7,,2697.24,0.0105,-0.0103,-0.0026,-0.0493,0.135
SOFF,Solstad Offshore,Energy,0.93,0.92,0.93,40,,269.55,-0.0464,-0.1002,-0.11900000000000001,-0.047400000000000005,-0.38420000000000004
SBVG,SpareBank 1 BV,Equity certificates,40.0,40.0,40.1,7,LP,2520.30,-0.0074,-0.0196,0.0178,0.0101,0.1794
NONG,SpareBank 1 Nord-Norge,Equity certificates,78.4,78.3,78.5,98,LP,7871.20,-0.018799999999999997,-0.0163,0.0116,-0.0013,0.261
SNOR,SpareBank 1 Nordvest,Equity certificates,114.0,112.0,113.0,1,,254.28,0.0,0.0,0.0,-0.0087,0.1363
RING,SpareBank 1 Ringerike Hadeland,Equity certificates,236.0,234.0,238.0,0,,3693.50,,,0.06309999999999999,0.026099999999999998,0.2752
MING,SpareBank 1 SMN,Equity certificates,101.2,100.8,101.0,157,,13139.38,-0.0194,-0.0175,0.013999999999999999,0.01,0.2346
SRBANK,SpareBank 1 SR-Bank,Financials,98.2,98.1,98.2,741,,25105.79,-0.0447,-0.0373,-0.0091,-0.018000000000000002,0.11960000000000001
SOAG,SpareBank 1 Østfold Akershus,Equity certificates,238.0,238.0,240.0,2,LP,2948.38,-0.0083,-0.0083,0.0085,-0.0083,0.2465
SPOL,SpareBank 1 Østlandet,Equity certificates,98.5,98.2,98.5,44,LP,11409.23,-0.004,-0.004,0.0649,0.0649,0.2375
MORG,Sparebanken Møre,Equity certificates,319.0,316.0,319.0,12,LP,3138.04,0.0,0.0031,0.0063,0.0063,0.1788
SOR,Sparebanken Sør,Equity certificates,109.0,109.0,111.0,11,LP,1702.54,-0.0268,-0.0091,0.0,-0.0091,0.2116
SBTE,Sparebanken Telemark,Equity certificates,132.0,129.0,132.0,2,,1438.62,0.0076,0.0,0.0154,0.0154,0.188
SVEG,Sparebanken Vest,Equity certificates,65.6,65.4,65.6,39,LP,7040.10,-0.0060999999999999995,0.009300000000000001,0.0381,0.0315,0.2699
SPOG,Sparebanken Øst,Equity certificates,56.0,56.0,56.6,4,,1160.95,-0.0175,-0.0106,0.037000000000000005,0.0256,0.0584
SBLK,Star Bulk Carriers,Industrials,83.0,82.0,83.0,15,LP,7526.98,-0.0024,-0.1263,-0.1902,-0.217,0.0691
SNI,Stolt-Nielsen,Industrials,120.0,120.0,120.2,81,,6422.86,-0.04,-0.056600000000000004,0.0526,0.0526,0.2138
STB,Storebrand,Financials,70.8,70.72,70.8,1009,,33054.45,-0.0294,-0.0344,0.0202,0.0252,0.1311
STORM,Storm Real Estate,Real estate,3.0,2.92,3.14,1,,26.50,-0.056600000000000004,-0.10710000000000001,-0.1892,-0.1176,-0.4118
STRONG,StrongPoint,Information technology,11.0,11.0,11.2,16,LP,485.91,-0.0222,-0.047599999999999996,-0.059800000000000006,-0.0833,0.303
SUBC,Subsea 7,Energy,102.45,102.4,102.5,1144,,30615.63,-0.0279,-0.0557,-0.018600000000000002,-0.0219,0.0837
SUNSB-ME,Sunndal Sparebank,Equity certificates,115.0,112.0,115.0,0,LP,155.50,,,0.0,0.0,0.0852
SUSB-ME,Surnadal Sparebank,Equity certificates,113.0,111.0,113.0,0,LP,227.06,,,0.0089,0.0089,
TEONE-ME,TargetEveryOne,Information technology,1.27,1.17,1.22,26,,152.18,0.12390000000000001,-0.18059999999999998,0.9242,0.16510000000000002,-0.3135
TRVX,Targovax,Health care,7.2,7.17,7.24,344,,456.36,-0.0765,-0.2432,0.024399999999999998,-0.1697,-0.1215
TEAM,Team Tankers International,Industrials,5.45,4.84,5.5,0,,1107.73,,,-0.018000000000000002,0.009300000000000001,-0.2158
TECH,Techstep,Information technology,3.0,2.95,3.0,16,,488.38,-0.0323,-0.0354,-0.0323,-0.115,-0.16670000000000001
TEL,Telenor,Communication services,164.85,164.85,164.9,1359,,234526.01,-0.0132,-0.0108,0.030299999999999997,0.0467,0.0516
TGS,TGS-NOPEC Geophysical Company,Energy,241.7,241.3,241.5,749,,28318.70,-0.0281,-0.081,-0.09849999999999999,-0.0951,0.0331
SSC,The Scottish Salmon Company,Consumer staples,28.15,28.15,28.2,7,,5461.89,0.0,-0.0018,-0.0034999999999999996,-0.0034999999999999996,0.8204
THIN,Thin Film Electronics,Information technology,2.05,2.02,2.07,92,,120.12,-0.04650000000000001,-0.0949,-0.18,-0.1202,-0.8373
TIETOO,TietoEVRY,Information technology,288.4,288.8,289.6,5,,34104.32,-0.0089,-0.0007000000000000001,0.0642,0.038900000000000004,
TOM,Tomra Systems,Industrials,258.6,258.2,258.6,766,,38148.69,-0.0344,-0.0779,-0.094,-0.0726,0.2397
TOTG,Totens Sparebank,Equity certificates,143.0,141.0,144.0,5,LP,875.81,-0.0138,0.006999999999999999,0.0288,0.0288,0.2401
TRE,Treasure,Industrials,14.65,14.05,14.6,2,,3183.96,0.0138,0.0693,0.0852,0.0733,0.1366
TYSB-ME,Tysnes Sparebank,Equity certificates,118.0,113.0,118.0,0,LP,179.02,,,-0.032799999999999996,-0.032799999999999996,0.10550000000000001
ULTIMO,Ultimovacs,Health care,51.8,51.8,52.0,86,,1443.17,-0.0681,-0.0877,0.3333,0.3265,
VEI,Veidekke,Industrials,123.1,123.0,123.2,55,,16613.12,-0.0128,-0.016,0.0241,0.0301,0.4031
VISTIN,Vistin Pharma,Health care,8.5,8.16,9.04,4,,376.93,-0.0297,-0.09380000000000001,-0.1827,-0.1827,0.1518
VVL,Voss Veksel- og Landmandsbank,Financials,156.0,154.0,157.0,0,LP,343.82,,,0.0,0.0,0.2116
VOW,Vow,Industrials,31.3,31.2,31.4,534,LP,3335.44,-0.0959,-0.08529999999999999,0.0687,0.036699999999999997,5.1714
WALWIL,Wallenius Wilhelmsen,Industrials,25.28,25.28,25.4,62,,10675.87,-0.031200000000000002,-0.0661,0.1745,0.1659,-0.1176
WSTEP,Webstep,Information technology,23.6,22.8,23.4,7,,629.49,-0.0167,-0.0167,-0.0484,-0.0248,0.011399999999999999
WWI,Wilh. Wilhelmsen Holding ser. A,Industrials,152.0,152.5,157.5,19,,5168.00,-0.0617,-0.1059,-0.05,-0.0788,0.0401
WWIB,Wilh. Wilhelmsen Holding ser. B,Industrials,154.5,154.5,158.5,17,,1634.61,-0.0404,-0.08310000000000001,-0.0404,-0.0636,0.0673
WILS,Wilson,Industrials,21.0,18.9,21.8,0,,921.06,,,0.0096,0.0096,0.10529999999999999
WRE-ME,WR Entertainment,Communication services,0.75,,,0,,1.30,,,,,
XXL,XXL,Consumer discretionary,11.96,11.92,11.97,250,,1982.52,-0.032400000000000005,-0.09050000000000001,-0.2585,-0.28600000000000003,-0.5779
YAR,Yara International,Materials,334.3,334.2,334.3,966,,90608.88,-0.013600000000000001,-0.0274,-0.0946,-0.0852,-0.0215
ZAL,Zalaris,Industrials,31.5,31.5,31.7,21,,616.40,-0.0455,0.09369999999999999,0.1413,0.1413,0.22089999999999999
ZENA-ME,Zenith Energy,Energy,0.23,0.23,0.23,12,LP,105.66,-0.0209,-0.0526,0.11960000000000001,0.0935,-0.4
ZWIPE-ME,Zwipe,Information technology,6.4,6.4,6.5,20,,163.36,-0.0229,-0.0154,0.13269999999999998,0.2075,
